,期数,红球_1,红球_2,红球_3,红球_4,红球_5,红球_6,蓝球
0,23021,02,05,06,19,21,27,04
1,23020,01,12,17,18,26,27,05
2,23019,06,12,26,28,29,32,15
3,23018,10,12,17,19,25,31,13
4,23017,05,11,18,20,26,28,12
5,23016,14,16,19,23,28,30,03
6,23015,02,03,14,21,29,32,08
7,23014,06,07,18,23,27,30,05
8,23013,06,10,14,22,23,33,13
9,23012,03,04,07,22,26,30,06
10,23011,06,07,16,17,21,22,04
11,23010,04,05,13,18,27,29,12
12,23009,03,04,19,23,30,32,06
13,23008,05,13,18,20,26,28,06
14,23007,05,06,09,22,25,31,03
15,23006,02,10,12,14,24,26,05
16,23005,02,06,08,13,14,19,16
17,23004,01,07,15,16,20,25,16
18,23003,05,08,18,25,30,32,06
19,23002,02,06,10,16,18,22,13
20,23001,09,16,18,22,28,32,02
21,22150,01,07,11,12,22,28,05
22,22149,02,22,26,29,32,33,14
23,22148,02,15,16,17,21,31,14
24,22147,02,03,07,13,20,30,10
25,22146,06,07,13,18,26,31,06
26,22145,03,21,25,30,31,33,11
27,22144,07,20,22,23,31,32,05
28,22143,07,08,13,29,30,33,03
29,22142,01,03,13,16,21,27,03
30,22141,05,12,13,17,20,27,14
31,22140,08,09,18,19,20,27,15
32,22139,06,07,09,16,17,19,14
33,22138,02,14,19,21,25,28,11
34,22137,08,21,23,27,28,33,01
35,22136,08,10,14,15,18,22,08
36,22135,09,11,13,24,28,32,06
37,22134,01,05,14,17,24,31,14
38,22133,05,08,16,17,21,25,12
39,22132,01,03,18,26,32,33,04
40,22131,03,05,10,13,19,29,06
41,22130,02,08,15,17,26,28,12
42,22129,10,12,14,22,24,27,07
43,22128,03,12,18,24,27,29,01
44,22127,03,04,09,10,29,33,13
45,22126,01,13,15,17,26,33,13
46,22125,02,03,07,12,20,31,16
47,22124,05,10,13,18,24,26,01
48,22123,10,13,16,20,21,25,05
49,22122,06,08,17,19,24,28,05
50,22121,12,17,22,27,30,31,02
51,22120,02,15,19,26,27,29,02
52,22119,02,05,15,18,26,27,04
53,22118,02,06,07,11,14,33,08
54,22117,04,13,17,18,28,29,06
55,22116,08,14,26,27,30,33,01
56,22115,06,07,18,20,27,29,09
57,22114,01,05,15,19,26,29,13
58,22113,13,14,20,24,27,29,02
59,22112,03,05,08,17,25,31,01
60,22111,02,10,11,13,28,31,01
61,22110,09,13,15,18,20,28,15
62,22109,04,11,13,19,22,33,11
63,22108,01,07,13,17,18,31,15
64,22107,03,09,11,15,19,28,16
65,22106,17,20,22,23,24,31,01
66,22105,06,12,13,15,21,23,15
67,22104,01,08,19,25,26,31,01
68,22103,06,09,12,14,20,28,10
69,22102,09,10,12,18,29,32,14
70,22101,04,16,18,19,27,28,04
71,22100,02,06,07,15,20,21,15
72,22099,01,11,23,24,26,32,15
73,22098,02,03,04,06,21,33,05
74,22097,04,05,10,13,30,31,14
75,22096,03,16,17,19,25,33,07
76,22095,04,13,14,18,20,28,08
77,22094,06,11,13,16,19,31,02
78,22093,21,22,24,28,29,32,14
79,22092,07,10,16,20,21,27,11
80,22091,08,18,20,22,24,28,10
81,22090,01,04,25,27,29,30,07
82,22089,02,07,15,29,31,33,15
83,22088,03,09,15,17,20,22,06
84,22087,05,06,09,13,23,25,08
85,22086,01,04,08,21,23,24,11
86,22085,07,09,14,31,32,33,13
87,22084,03,18,23,24,25,32,09
88,22083,08,12,13,14,19,20,05
89,22082,04,10,11,23,30,32,14
90,22081,04,08,11,21,27,30,01
91,22080,05,12,15,17,18,27,04
92,22079,01,09,15,17,22,23,16
93,22078,01,04,05,15,17,31,09
94,22077,03,17,18,19,20,27,16
95,22076,08,09,10,13,24,29,02
96,22075,01,02,04,25,26,30,10
97,22074,05,07,15,19,29,33,15
98,22073,06,10,14,15,26,29,12
99,22072,05,14,15,16,18,32,12
100,22071,04,07,15,18,29,33,01
101,22070,04,06,09,27,28,33,02
102,22069,06,07,13,19,26,29,08
103,22068,07,12,15,24,26,29,06
104,22067,01,05,13,21,26,29,15
105,22066,06,11,14,20,27,30,09
106,22065,09,14,18,23,28,31,02
107,22064,04,06,12,13,17,31,16
108,22063,06,08,09,17,22,31,11
109,22062,16,18,20,21,23,33,05
110,22061,01,03,16,18,29,33,06
111,22060,16,18,19,24,28,32,01
112,22059,06,09,18,19,29,33,06
113,22058,06,13,14,23,31,33,01
114,22057,12,15,20,26,30,33,16
115,22056,01,06,11,14,17,26,15
116,22055,02,04,09,26,28,33,03
117,22054,08,12,21,27,28,33,11
118,22053,10,14,18,23,27,33,15
119,22052,07,24,27,29,31,32,15
120,22051,02,05,11,17,21,33,01
121,22050,03,05,08,14,27,33,08
122,22049,02,04,07,18,25,26,10
123,22048,05,07,17,20,26,31,14
124,22047,03,07,08,14,27,30,09
125,22046,02,11,24,25,27,30,14
126,22045,03,12,17,18,19,28,04
127,22044,01,07,08,21,23,29,06
128,22043,02,17,20,23,25,27,08
129,22042,05,10,11,21,22,30,13
130,22041,05,07,21,22,24,29,14
131,22040,03,12,14,16,31,33,12
132,22039,02,06,07,10,15,20,05
133,22038,09,12,13,16,24,32,04
134,22037,01,10,13,20,22,32,14
135,22036,02,03,14,16,26,31,02
136,22035,08,12,13,19,23,25,15
137,22034,14,17,26,31,32,33,10
138,22033,05,12,19,22,25,26,05
139,22032,04,10,11,14,23,32,07
140,22031,01,10,11,22,26,32,07
141,22030,12,23,24,26,27,30,05
142,22029,03,08,10,13,26,32,08
143,22028,05,11,20,22,23,29,09
144,22027,14,15,18,19,26,32,09
145,22026,03,04,10,15,22,24,02
146,22025,06,19,24,25,28,32,04
147,22024,07,09,10,14,19,24,15
148,22023,07,12,17,19,24,25,02
149,22022,01,07,11,15,17,19,06
150,22021,03,07,22,24,26,31,14
151,22020,09,11,14,22,30,32,01
152,22019,05,06,14,20,21,25,08
153,22018,07,11,16,17,30,32,16
154,22017,06,09,24,29,30,32,07
155,22016,05,10,19,20,29,31,14
156,22015,06,14,16,27,28,31,07
157,22014,06,07,13,14,15,27,04
158,22013,02,03,04,07,10,18,15
159,22012,04,07,08,29,30,31,01
160,22011,06,15,23,24,25,33,15
161,22010,12,18,19,20,21,32,15
162,22009,04,15,17,19,25,28,16
163,22008,02,03,07,09,20,21,13
164,22007,01,20,22,23,25,28,16
165,22006,03,06,09,15,22,31,02
166,22005,07,10,12,16,19,31,16
167,22004,05,19,24,28,30,32,14
168,22003,02,05,16,17,18,30,06
169,22002,02,12,21,23,25,31,08
170,22001,06,13,15,17,20,21,03
171,21150,09,14,20,21,24,26,04
172,21149,05,10,15,18,19,32,05
173,21148,10,12,15,17,19,20,08
174,21147,05,10,11,13,27,28,09
175,21146,07,09,21,22,26,32,03
176,21145,04,07,10,14,16,26,09
177,21144,02,05,13,15,23,26,07
178,21143,01,09,11,13,20,29,09
179,21142,04,07,17,19,20,24,16
180,21141,01,14,19,23,26,30,10
181,21140,05,10,16,26,27,33,01
182,21139,12,14,19,23,24,27,01
183,21138,11,14,15,16,27,32,09
184,21137,03,07,10,14,21,24,01
185,21136,02,06,09,15,19,28,16
186,21135,03,10,17,19,21,31,04
187,21134,01,02,16,19,25,31,08
188,21133,01,03,12,19,27,31,10
189,21132,01,04,06,14,20,28,08
190,21131,08,11,18,19,20,24,01
191,21130,08,09,15,24,26,30,06
192,21129,04,15,21,27,28,29,10
193,21128,05,17,20,21,23,33,04
194,21127,07,15,16,20,27,29,07
195,21126,19,20,23,27,28,31,01
196,21125,14,19,20,23,24,31,09
197,21124,01,03,18,22,29,32,02
198,21123,06,14,15,19,29,31,05
199,21122,04,05,12,15,18,28,07
200,21121,04,05,12,16,22,30,15
201,21120,01,07,08,12,13,18,05
202,21119,03,09,10,11,28,29,13
203,21118,02,06,14,18,20,31,13
204,21117,03,05,17,21,27,33,04
205,21116,06,14,17,18,31,33,06
206,21115,02,10,12,15,24,27,08
207,21114,04,06,08,14,24,27,02
208,21113,04,07,10,22,27,30,02
209,21112,05,06,21,25,28,33,07
210,21111,17,20,22,23,26,28,06
211,21110,10,13,15,24,31,32,02
212,21109,02,03,10,17,20,26,16
213,21108,11,15,18,24,26,32,09
214,21107,02,03,17,19,25,30,01
215,21106,01,04,07,14,30,31,03
216,21105,10,14,15,22,27,32,09
217,21104,01,07,17,20,22,28,15
218,21103,10,13,15,25,29,30,15
219,21102,05,09,15,24,27,30,09
220,21101,02,04,12,22,29,31,01
221,21100,07,09,12,13,14,29,16
222,21099,09,11,17,18,20,27,15
223,21098,01,10,13,18,26,32,05
224,21097,03,11,12,13,25,28,12
225,21096,01,07,11,14,15,26,11
226,21095,08,12,17,24,27,28,13
227,21094,09,11,24,25,28,33,15
228,21093,05,11,15,23,28,33,03
229,21092,02,07,08,10,12,31,03
230,21091,04,06,16,24,26,33,16
231,21090,05,06,12,14,27,28,08
232,21089,01,02,07,13,23,24,12
233,21088,04,12,15,16,19,26,06
234,21087,02,13,16,19,23,24,04
235,21086,06,08,10,14,28,29,01
236,21085,05,06,07,11,14,20,02
237,21084,05,07,09,11,21,28,01
238,21083,04,09,11,25,28,33,04
239,21082,03,06,11,13,26,32,05
240,21081,01,03,05,18,22,23,01
241,21080,05,08,22,23,24,29,09
242,21079,01,03,10,24,28,29,13
243,21078,04,06,15,26,27,31,12
244,21077,08,15,17,25,27,30,10
245,21076,03,09,21,23,30,32,06
246,21075,12,15,16,21,22,29,01
247,21074,04,05,09,14,25,27,07
248,21073,01,06,18,22,24,25,08
249,21072,01,09,15,16,19,21,15
250,21071,01,07,24,31,32,33,08
251,21070,01,05,11,15,16,29,15
252,21069,06,11,18,20,23,26,05
253,21068,04,14,18,24,31,32,15
254,21067,01,11,19,23,25,29,09
255,21066,02,06,19,26,30,33,15
256,21065,01,04,08,19,29,33,16
257,21064,04,06,08,15,16,18,16
258,21063,04,05,06,09,23,24,09
259,21062,12,13,15,20,22,25,10
260,21061,04,09,12,18,20,23,01
261,21060,10,11,17,20,29,30,15
262,21059,01,09,11,18,32,33,14
263,21058,09,11,13,18,19,28,14
264,21057,05,06,09,17,25,33,16
265,21056,08,21,22,23,29,32,01
266,21055,03,11,12,16,22,28,10
267,21054,07,13,21,22,24,31,02
268,21053,07,10,14,16,24,33,16
269,21052,03,04,06,19,21,30,14
270,21051,08,09,10,19,27,29,15
271,21050,02,09,10,16,25,28,08
272,21049,04,11,13,22,25,32,01
273,21048,04,15,17,22,29,32,03
274,21047,03,07,13,16,24,29,01
275,21046,05,09,13,21,28,33,06
276,21045,01,04,14,15,17,32,02
277,21044,05,07,14,17,26,28,13
278,21043,02,03,17,18,23,24,01
279,21042,05,09,10,22,25,27,08
280,21041,02,09,18,23,26,32,14
281,21040,02,06,07,24,28,29,16
282,21039,02,08,21,24,29,31,13
283,21038,05,07,09,16,18,27,06
284,21037,13,17,19,24,26,30,12
285,21036,01,02,06,11,21,26,11
286,21035,12,14,18,20,26,28,11
287,21034,04,10,12,18,23,25,01
288,21033,02,12,13,14,31,33,06
289,21032,01,05,08,15,16,30,03
290,21031,06,11,21,25,28,31,07
291,21030,08,09,13,27,29,31,05
292,21029,08,10,15,17,22,30,12
293,21028,11,16,23,26,27,33,05
294,21027,05,07,09,16,20,26,08
295,21026,03,05,13,19,20,25,03
296,21025,06,08,14,17,18,30,11
297,21024,01,04,06,10,11,18,02
298,21023,02,21,22,23,27,28,11
299,21022,10,15,17,25,31,32,06
300,21021,04,08,17,24,28,33,13
301,21020,01,03,06,07,09,11,02
302,21019,12,16,17,24,28,29,08
303,21018,02,08,14,23,25,32,06
304,21017,09,15,18,29,32,33,02
305,21016,03,08,09,13,15,18,10
306,21015,06,14,16,26,28,29,07
307,21014,04,15,21,25,29,33,06
308,21013,06,09,12,16,27,31,06
309,21012,03,06,14,18,20,26,01
310,21011,05,10,16,23,27,33,14
311,21010,01,04,11,19,32,33,05
312,21009,02,04,07,24,25,32,13
313,21008,01,05,07,14,18,33,07
314,21007,02,04,12,21,25,32,16
315,21006,06,08,22,24,25,26,01
316,21005,07,09,14,26,30,31,04
317,21004,02,03,07,08,17,22,15
318,21003,06,09,16,18,22,29,11
319,21002,06,10,13,25,26,32,11
320,21001,02,03,13,18,20,31,11
321,20134,02,09,10,20,22,26,01
322,20133,03,19,22,23,27,29,07
323,20132,01,04,11,12,14,23,04
324,20131,08,19,22,26,27,30,07
325,20130,08,09,11,14,17,29,16
326,20129,01,02,05,15,28,33,04
327,20128,08,10,15,16,23,26,10
328,20127,01,04,18,19,26,31,07
329,20126,03,07,12,14,23,28,11
330,20125,05,12,16,26,30,31,13
331,20124,16,18,19,20,29,33,12
332,20123,01,03,18,19,26,29,03
333,20122,12,15,17,24,26,31,15
334,20121,02,04,06,21,25,29,03
335,20120,01,02,03,04,09,10,12
336,20119,01,09,22,28,32,33,15
337,20118,11,13,19,26,30,33,05
338,20117,07,08,09,10,16,27,07
339,20116,05,06,14,16,19,27,10
340,20115,01,04,12,20,25,32,02
341,20114,01,05,11,24,30,32,03
342,20113,01,03,07,10,22,32,11
343,20112,02,09,12,17,28,32,05
344,20111,06,09,17,22,24,26,16
345,20110,02,06,09,14,22,25,04
346,20109,06,13,16,20,23,32,13
347,20108,10,12,15,17,23,32,05
348,20107,03,09,11,24,25,28,16
349,20106,02,04,11,15,18,28,10
350,20105,06,14,19,20,22,24,01
351,20104,04,08,10,16,27,29,09
352,20103,04,09,10,22,28,32,08
353,20102,09,10,19,25,26,29,08
354,20101,10,17,24,25,28,30,15
355,20100,01,07,15,16,20,23,07
356,20099,05,06,11,12,15,30,12
357,20098,06,08,11,22,25,33,02
358,20097,02,08,21,25,26,30,10
359,20096,01,20,23,26,27,32,15
360,20095,03,09,16,17,20,26,02
361,20094,10,15,17,27,29,31,08
362,20093,04,05,10,13,15,19,15
363,20092,01,06,12,18,22,24,03
364,20091,01,09,11,12,16,19,16
365,20090,02,21,23,26,31,32,06
366,20089,02,14,16,21,29,30,10
367,20088,01,06,12,26,29,30,12
368,20087,11,15,20,23,25,33,10
369,20086,02,04,06,15,24,27,06
370,20085,01,02,05,09,19,24,16
371,20084,03,07,16,17,23,30,07
372,20083,01,19,25,26,30,31,12
373,20082,02,08,11,17,21,30,09
374,20081,01,05,13,14,27,33,15
375,20080,14,15,18,22,31,33,01
376,20079,05,12,20,21,22,29,14
377,20078,03,11,14,16,21,32,04
378,20077,03,10,16,21,25,27,12
379,20076,10,15,16,18,20,27,06
380,20075,03,11,13,20,24,30,16
381,20074,04,08,09,13,19,33,12
382,20073,05,07,11,13,27,29,03
383,20072,06,08,10,15,17,26,04
384,20071,09,11,12,13,22,23,08
385,20070,01,02,04,06,19,21,15
386,20069,03,09,10,13,18,26,04
387,20068,12,16,21,26,27,32,10
388,20067,04,07,09,23,27,30,08
389,20066,02,09,13,17,26,28,07
390,20065,09,15,18,21,23,26,08
391,20064,01,03,07,21,27,32,01
392,20063,12,15,16,22,29,32,14
393,20062,10,14,17,22,26,27,05
394,20061,08,17,24,26,27,31,04
395,20060,05,09,14,20,24,30,08
396,20059,02,04,10,17,22,25,14
397,20058,01,03,11,12,19,26,07
398,20057,09,14,21,23,26,32,03
399,20056,02,05,08,12,26,31,14
400,20055,01,05,07,23,28,30,12
401,20054,03,10,19,25,26,31,02
402,20053,02,14,15,16,32,33,01
403,20052,02,08,13,29,32,33,15
404,20051,03,06,08,11,19,28,08
405,20050,04,09,17,20,32,33,15
406,20049,01,07,09,12,18,22,04
407,20048,12,14,18,23,30,32,02
408,20047,04,10,17,19,28,32,01
409,20046,13,19,25,26,27,32,08
410,20045,02,03,15,21,22,33,16
411,20044,07,08,16,17,19,24,07
412,20043,01,11,24,25,27,30,07
413,20042,02,06,07,11,14,31,03
414,20041,06,07,16,22,24,25,13
415,20040,01,06,12,16,19,21,04
416,20039,02,09,10,11,16,29,02
417,20038,01,06,07,18,23,24,15
418,20037,01,04,11,13,17,24,15
419,20036,07,09,16,22,24,32,06
420,20035,10,14,24,25,28,33,11
421,20034,02,08,15,16,26,32,03
422,20033,07,10,12,21,31,32,01
423,20032,03,11,13,14,15,26,13
424,20031,02,05,09,15,16,27,09
425,20030,17,18,21,29,30,32,03
426,20029,01,12,18,20,30,32,05
427,20028,05,06,15,18,26,32,08
428,20027,12,13,14,24,25,28,06
429,20026,01,04,09,18,19,31,06
430,20025,01,09,10,15,20,29,02
431,20024,10,13,27,28,29,31,08
432,20023,04,05,20,21,30,33,08
433,20022,02,10,20,22,25,30,02
434,20021,02,06,14,16,27,31,07
435,20020,01,06,09,13,15,22,14
436,20019,15,19,27,28,30,33,03
437,20018,05,07,08,11,17,22,13
438,20017,02,04,07,15,20,27,04
439,20016,05,06,08,17,24,27,07
440,20015,08,09,22,24,30,33,01
441,20014,02,07,08,10,12,16,07
442,20013,02,08,10,20,21,30,14
443,20012,04,13,14,23,26,31,09
444,20011,04,05,07,17,18,29,01
445,20010,11,14,22,27,31,32,09
446,20009,03,06,08,14,19,26,12
447,20008,01,04,06,10,11,28,16
448,20007,05,12,17,20,25,31,10
449,20006,03,04,05,10,16,32,09
450,20005,11,16,17,22,26,32,04
451,20004,02,15,17,27,32,33,03
452,20003,09,17,26,29,30,32,03
453,20002,04,09,14,15,16,29,11
454,20001,02,15,23,26,29,30,02
455,19151,02,06,09,18,24,26,14
456,19150,02,09,14,22,27,29,02
457,19149,01,06,27,28,31,33,07
458,19148,09,10,13,20,26,27,08
459,19147,01,09,12,14,23,27,12
460,19146,01,04,10,12,30,32,14
461,19145,01,08,13,17,18,19,16
462,19144,02,12,15,19,27,30,03
463,19143,05,13,15,16,26,32,09
464,19142,08,14,24,27,29,33,09
465,19141,10,13,14,15,17,33,14
466,19140,02,04,09,11,14,22,05
467,19139,08,14,20,23,30,33,11
468,19138,02,06,12,30,31,32,11
469,19137,07,10,13,19,23,31,06
470,19136,12,14,15,17,29,33,12
471,19135,03,06,10,11,27,33,03
472,19134,01,04,06,22,29,30,03
473,19133,03,07,16,21,24,31,07
474,19132,04,06,11,14,19,33,07
475,19131,09,17,19,20,24,31,04
476,19130,01,07,09,11,24,32,16
477,19129,03,04,07,09,15,26,07
478,19128,03,08,12,16,17,19,08
479,19127,02,06,07,12,17,24,10
480,19126,02,14,17,29,32,33,16
481,19125,02,11,12,26,27,29,03
482,19124,04,09,30,31,32,33,01
483,19123,02,06,08,17,28,30,06
484,19122,04,10,15,19,21,23,02
485,19121,02,06,15,21,30,31,02
486,19120,10,12,27,31,32,33,03
487,19119,04,20,22,24,26,33,07
488,19118,12,14,15,25,28,31,04
489,19117,03,05,11,28,32,33,01
490,19116,01,08,09,13,16,33,01
491,19115,04,10,11,14,15,29,05
492,19114,02,04,09,11,12,30,01
493,19113,01,05,19,21,25,33,15
494,19112,03,12,14,17,23,27,01
495,19111,07,18,20,22,24,33,01
496,19110,01,18,22,26,27,28,08
497,19109,03,06,07,17,28,31,10
498,19108,07,13,19,22,25,32,13
499,19107,02,06,08,23,27,32,02
500,19106,02,14,22,27,30,33,14
501,19105,02,13,15,17,26,33,01
502,19104,01,05,16,17,18,24,10
503,19103,04,12,14,21,27,29,12
504,19102,03,08,12,16,20,32,12
505,19101,01,04,09,21,31,33,05
506,19100,01,04,12,13,30,32,08
507,19099,07,14,22,23,27,30,08
508,19098,03,11,12,14,17,26,09
509,19097,03,05,18,24,25,31,09
510,19096,05,07,12,18,27,32,11
511,19095,02,05,14,19,21,28,01
512,19094,05,10,12,18,19,27,06
513,19093,05,07,08,09,20,22,02
514,19092,09,17,27,28,32,33,08
515,19091,07,10,21,24,29,32,11
516,19090,02,03,06,08,14,22,04
517,19089,02,04,14,16,20,22,11
518,19088,13,14,15,21,23,29,13
519,19087,04,05,07,09,21,30,04
520,19086,16,22,24,26,28,31,06
521,19085,01,04,14,18,24,29,04
522,19084,04,08,14,18,20,27,03
523,19083,06,15,17,26,28,31,03
524,19082,07,16,19,22,24,28,02
525,19081,05,24,27,29,31,32,10
526,19080,03,06,08,20,24,32,07
527,19079,01,03,06,09,19,31,16
528,19078,01,17,27,29,31,33,12
529,19077,09,11,13,18,21,22,15
530,19076,12,15,19,20,29,32,14
531,19075,05,08,20,22,31,33,03
532,19074,12,21,27,29,31,33,04
533,19073,01,02,06,12,16,18,08
534,19072,02,09,13,15,22,30,15
535,19071,01,08,19,24,29,30,04
536,19070,06,15,18,19,24,32,09
537,19069,06,11,16,19,21,25,01
538,19068,03,14,20,24,26,33,10
539,19067,04,06,08,11,30,33,11
540,19066,01,14,17,20,22,32,04
541,19065,06,09,11,15,20,26,10
542,19064,12,20,24,25,30,33,12
543,19063,01,14,19,22,29,31,16
544,19062,07,13,16,23,26,30,01
545,19061,03,17,19,24,27,31,12
546,19060,03,04,14,20,23,27,01
547,19059,04,05,07,09,16,18,06
548,19058,07,08,12,21,23,27,12
549,19057,04,05,06,08,13,18,16
550,19056,13,14,17,19,21,29,01
551,19055,01,06,11,15,19,31,10
552,19054,07,10,11,15,24,26,11
553,19053,04,16,22,25,29,31,08
554,19052,03,06,09,13,16,19,16
555,19051,08,09,10,13,15,28,09
556,19050,04,06,10,11,21,23,02
557,19049,03,10,13,22,23,28,15
558,19048,03,07,10,12,18,29,10
559,19047,03,11,18,25,30,33,14
560,19046,02,12,16,22,25,32,06
561,19045,01,06,17,19,27,31,14
562,19044,06,14,16,17,23,29,07
563,19043,01,06,12,13,24,32,13
564,19042,15,17,19,22,25,26,04
565,19041,02,09,13,23,24,26,16
566,19040,05,06,09,18,23,31,11
567,19039,06,07,11,14,27,32,08
568,19038,09,12,21,27,29,30,05
569,19037,01,07,12,14,18,25,10
570,19036,02,10,13,16,23,32,08
571,19035,01,05,07,09,10,20,16
572,19034,09,11,15,22,24,26,03
573,19033,09,15,19,21,23,29,15
574,19032,04,08,09,13,28,33,04
575,19031,03,13,15,18,21,33,16
576,19030,04,05,07,10,12,22,16
577,19029,08,11,17,23,32,33,10
578,19028,04,19,22,26,29,30,11
579,19027,02,06,08,10,11,17,13
580,19026,03,13,15,19,20,27,14
581,19025,15,16,21,27,30,33,04
582,19024,01,08,23,25,28,29,10
583,19023,01,10,14,15,18,31,13
584,19022,03,07,11,21,30,33,07
585,19021,02,05,07,08,20,27,04
586,19020,02,12,13,23,27,28,12
587,19019,03,11,17,18,24,25,06
588,19018,04,11,18,19,26,32,04
589,19017,04,05,24,28,30,33,09
590,19016,05,07,09,11,19,25,05
591,19015,11,15,16,20,24,31,04
592,19014,01,02,03,14,19,33,03
593,19013,05,07,14,16,18,21,01
594,19012,07,10,21,23,31,33,14
595,19011,10,13,19,21,24,30,07
596,19010,02,04,05,08,11,30,02
597,19009,01,07,10,22,31,32,15
598,19008,02,06,09,13,28,32,12
599,19007,06,10,14,15,19,23,15
600,19006,01,05,10,19,26,28,12
601,19005,21,22,26,28,31,32,07
602,19004,08,12,16,19,26,32,03
603,19003,13,17,20,21,22,27,01
604,19002,04,05,06,08,09,18,11
605,19001,06,10,13,15,32,33,15
606,18153,01,07,17,23,25,31,11
607,18152,04,14,16,23,28,29,03
608,18151,05,15,19,25,26,29,15
609,18150,06,08,15,19,20,31,05
610,18149,01,07,08,10,12,24,01
611,18148,03,06,18,19,21,31,01
612,18147,03,15,17,23,27,30,11
613,18146,02,10,11,17,18,29,16
614,18145,03,09,13,22,23,25,06
615,18144,08,13,17,18,20,27,13
616,18143,04,06,15,28,32,33,14
617,18142,05,08,10,11,27,28,11
618,18141,11,14,16,18,24,33,04
619,18140,01,15,20,22,25,28,14
620,18139,11,18,20,23,31,32,15
621,18138,01,10,25,27,30,32,09
622,18137,03,05,11,15,20,23,09
623,18136,10,12,15,25,26,27,14
624,18135,01,03,06,10,11,29,16
625,18134,03,16,18,31,32,33,12
626,18133,02,04,11,12,18,32,13
627,18132,01,02,09,10,15,22,06
628,18131,21,22,24,31,32,33,01
629,18130,05,12,17,18,24,28,12
630,18129,02,04,06,16,18,19,16
631,18128,06,07,08,19,22,23,02
632,18127,02,05,06,07,11,15,12
633,18126,01,06,08,09,14,22,05
634,18125,03,10,11,14,15,32,02
635,18124,09,13,14,19,22,25,02
636,18123,13,21,24,27,31,32,01
637,18122,05,07,20,22,30,32,10
638,18121,06,08,14,19,23,25,11
639,18120,03,04,18,26,27,33,01
640,18119,03,13,14,16,25,27,12
641,18118,08,12,21,22,27,31,09
642,18117,08,11,15,17,23,25,05
643,18116,05,14,17,22,23,28,15
644,18115,01,13,19,24,26,29,11
645,18114,01,07,15,16,20,27,14
646,18113,01,06,09,16,25,26,09
647,18112,05,08,18,25,26,31,04
648,18111,01,07,14,24,25,28,08
649,18110,11,13,16,21,22,23,02
650,18109,10,11,18,23,31,33,15
651,18108,05,13,18,21,26,30,02
652,18107,01,02,05,12,20,22,01
653,18106,04,18,19,24,25,26,10
654,18105,04,05,13,18,19,25,01
655,18104,02,03,06,19,25,29,01
656,18103,02,09,15,22,23,24,16
657,18102,02,06,11,19,21,28,05
658,18101,01,03,14,26,29,33,09
659,18100,02,11,14,15,29,33,02
660,18099,03,07,08,14,25,32,06
661,18098,06,10,11,20,29,32,13
662,18097,01,02,17,20,25,28,13
663,18096,01,05,09,20,28,32,12
664,18095,10,11,12,21,26,33,09
665,18094,04,07,16,20,24,30,05
666,18093,04,18,20,21,29,33,07
667,18092,06,10,16,19,24,33,16
668,18091,06,11,13,17,25,32,07
669,18090,01,02,04,10,14,23,07
670,18089,06,09,12,14,18,27,14
671,18088,03,05,12,29,30,32,14
672,18087,01,05,10,16,18,31,03
673,18086,02,07,17,21,23,26,16
674,18085,04,10,25,26,30,33,06
675,18084,05,06,08,12,22,24,03
676,18083,04,09,18,21,32,33,03
677,18082,06,12,14,20,22,24,09
678,18081,01,02,12,16,20,26,03
679,18080,04,07,13,20,29,33,03
680,18079,14,15,17,22,24,29,13
681,18078,03,10,14,17,18,30,12
682,18077,02,05,09,15,20,24,10
683,18076,03,07,08,15,29,30,13
684,18075,07,09,12,13,22,24,11
685,18074,09,11,14,20,27,30,09
686,18073,02,09,14,15,16,23,10
687,18072,11,16,19,22,25,30,08
688,18071,02,05,06,13,16,19,03
689,18070,04,09,15,16,19,27,10
690,18069,06,13,17,19,23,31,12
691,18068,08,10,17,20,27,30,01
692,18067,01,04,09,12,15,18,05
693,18066,09,16,17,19,22,26,10
694,18065,01,04,06,14,28,33,01
695,18064,02,05,10,11,17,21,05
696,18063,05,06,10,16,20,25,12
697,18062,02,18,19,24,25,33,11
698,18061,09,10,11,12,18,23,07
699,18060,04,08,13,25,30,31,10
700,18059,04,06,08,13,22,32,11
701,18058,07,12,13,16,26,31,07
702,18057,05,15,17,19,20,30,13
703,18056,01,03,06,20,21,26,01
704,18055,07,09,10,12,22,26,07
705,18054,04,06,18,22,25,33,16
706,18053,01,04,10,11,14,27,06
707,18052,03,05,06,09,15,32,14
708,18051,05,07,20,23,27,31,04
709,18050,01,02,04,10,18,19,07
710,18049,01,03,04,11,19,23,02
711,18048,01,12,20,25,30,31,02
712,18047,06,07,12,16,22,25,07
713,18046,10,13,14,18,20,31,03
714,18045,03,04,06,25,26,30,01
715,18044,05,09,12,17,27,30,06
716,18043,01,04,06,08,21,24,07
717,18042,06,10,21,28,29,31,12
718,18041,07,08,20,23,24,32,13
719,18040,01,03,08,13,18,23,16
720,18039,08,12,18,19,23,32,03
721,18038,15,23,24,25,28,29,09
722,18037,01,06,07,08,27,30,10
723,18036,08,17,24,26,28,33,04
724,18035,07,10,11,17,23,28,15
725,18034,01,05,11,22,23,26,15
726,18033,04,19,20,22,28,33,06
727,18032,21,22,23,24,25,32,06
728,18031,02,16,18,19,27,30,14
729,18030,13,14,20,21,25,33,07
730,18029,01,02,09,14,22,25,05
731,18028,03,08,11,14,18,23,16
732,18027,02,07,09,14,18,28,05
733,18026,04,07,12,14,26,32,04
734,18025,04,13,16,19,21,25,14
735,18024,11,19,22,26,31,32,02
736,18023,12,15,16,21,26,29,16
737,18022,07,14,19,21,22,23,03
738,18021,03,04,06,11,23,28,14
739,18020,06,09,10,14,28,30,05
740,18019,03,11,12,16,21,23,09
741,18018,02,12,13,18,25,27,07
742,18017,03,06,11,26,30,32,12
743,18016,01,11,12,18,25,27,16
744,18015,11,15,20,21,26,33,15
745,18014,09,12,20,24,28,31,07
746,18013,06,08,13,15,22,33,06
747,18012,11,12,13,19,26,28,12
748,18011,03,10,21,23,27,33,11
749,18010,01,08,17,20,21,22,03
750,18009,05,10,17,23,26,32,07
751,18008,05,09,10,12,17,19,13
752,18007,13,14,20,25,27,31,12
753,18006,02,07,08,09,17,29,11
754,18005,02,20,21,28,31,33,06
755,18004,14,18,19,26,30,31,11
756,18003,01,14,16,17,20,31,04
757,18002,07,18,24,29,31,33,16
758,18001,01,08,11,26,28,31,04
759,17154,05,09,13,15,18,26,05
760,17153,07,11,12,13,18,19,16
761,17152,06,10,23,25,26,29,05
762,17151,02,05,07,09,11,27,16
763,17150,06,14,19,20,21,23,08
764,17149,05,08,15,20,27,30,13
765,17148,04,07,11,14,29,32,12
766,17147,03,07,20,21,25,31,14
767,17146,01,19,25,26,27,33,10
768,17145,02,06,12,17,25,28,12
769,17144,03,14,16,20,31,32,09
770,17143,04,06,09,14,20,29,14
771,17142,08,13,14,18,23,33,06
772,17141,01,06,07,11,13,15,05
773,17140,21,22,25,28,29,30,08
774,17139,02,14,20,24,28,32,16
775,17138,01,17,24,28,32,33,02
776,17137,05,10,20,23,26,31,03
777,17136,03,07,10,18,21,24,12
778,17135,01,06,07,14,18,26,16
779,17134,04,05,11,14,28,32,04
780,17133,06,15,17,18,23,30,11
781,17132,02,03,05,09,13,28,11
782,17131,01,07,10,11,26,27,11
783,17130,05,13,14,23,25,31,02
784,17129,05,06,09,14,21,33,02
785,17128,02,06,13,22,29,31,08
786,17127,14,15,21,24,27,32,12
787,17126,01,16,17,21,27,30,16
788,17125,01,14,23,25,29,30,03
789,17124,02,06,11,26,28,29,03
790,17123,04,05,06,11,21,31,10
791,17122,11,20,21,22,24,27,15
792,17121,11,18,19,22,24,32,07
793,17120,08,10,15,19,23,28,16
794,17119,09,16,21,25,26,31,14
795,17118,08,09,15,22,30,33,16
796,17117,01,02,08,11,14,21,09
797,17116,02,14,20,22,30,32,02
798,17115,04,10,11,25,30,31,01
799,17114,06,12,13,15,18,26,13
800,17113,04,06,16,27,29,33,05
801,17112,03,10,14,16,22,23,11
802,17111,05,10,17,19,29,32,12
803,17110,01,03,12,15,19,23,14
804,17109,08,14,16,18,21,23,16
805,17108,07,12,14,15,17,20,01
806,17107,08,09,15,17,30,32,06
807,17106,12,15,20,25,27,31,02
808,17105,03,06,07,12,25,26,07
809,17104,01,14,15,20,23,30,14
810,17103,01,21,23,25,31,33,01
811,17102,04,08,10,14,18,20,11
812,17101,01,04,11,28,31,32,16
813,17100,04,07,08,18,23,24,02
814,17099,02,05,06,16,28,29,04
815,17098,04,19,22,27,30,33,01
816,17097,05,10,18,19,30,31,03
817,17096,02,06,11,12,19,29,06
818,17095,09,10,12,19,22,29,16
819,17094,08,11,13,19,28,31,06
820,17093,07,08,09,15,22,27,12
821,17092,10,18,19,29,32,33,09
822,17091,05,07,10,23,28,29,03
823,17090,01,07,10,16,22,33,09
824,17089,11,12,13,16,23,25,12
825,17088,07,09,18,22,23,29,06
826,17087,03,06,13,14,19,28,06
827,17086,03,05,06,13,20,22,07
828,17085,01,05,06,16,25,30,09
829,17084,01,05,11,20,22,24,02
830,17083,03,08,14,20,24,26,12
831,17082,14,18,21,25,28,29,10
832,17081,03,05,14,25,26,30,05
833,17080,01,12,16,20,22,24,08
834,17079,03,07,14,23,25,27,08
835,17078,05,07,18,19,22,24,16
836,17077,01,02,04,15,17,22,14
837,17076,01,04,08,09,14,15,13
838,17075,01,03,06,19,21,29,07
839,17074,02,06,16,23,30,31,02
840,17073,03,06,16,23,26,30,14
841,17072,06,11,14,23,26,30,02
842,17071,02,03,06,14,31,32,03
843,17070,01,06,14,22,25,26,12
844,17069,02,11,12,23,29,31,05
845,17068,02,06,10,22,30,31,15
846,17067,01,03,04,10,18,29,04
847,17066,01,04,06,17,19,26,03
848,17065,02,05,08,10,12,21,07
849,17064,02,10,16,22,24,28,15
850,17063,12,16,20,22,25,31,04
851,17062,01,07,22,24,26,31,10
852,17061,06,07,12,20,26,27,11
853,17060,05,10,13,24,26,31,04
854,17059,04,08,09,15,19,25,09
855,17058,01,09,13,22,28,32,11
856,17057,18,20,22,23,30,31,16
857,17056,13,14,18,19,21,28,06
858,17055,07,12,13,20,24,31,05
859,17054,02,03,09,23,28,33,08
860,17053,04,09,11,15,29,31,06
861,17052,07,08,18,24,29,31,07
862,17051,02,05,09,15,24,25,11
863,17050,10,12,20,24,27,29,07
864,17049,01,08,14,15,20,29,10
865,17048,05,08,09,14,15,19,07
866,17047,02,05,08,10,32,33,02
867,17046,04,13,14,23,26,32,10
868,17045,05,07,16,20,21,25,05
869,17044,08,16,19,21,31,32,06
870,17043,08,13,16,23,27,31,08
871,17042,01,02,04,07,10,23,04
872,17041,04,10,13,15,22,27,04
873,17040,15,19,23,28,29,33,04
874,17039,02,04,12,14,17,24,15
875,17038,01,04,08,13,24,27,05
876,17037,11,15,20,22,25,30,05
877,17036,01,02,05,10,24,27,15
878,17035,01,06,14,24,28,32,12
879,17034,04,07,08,19,32,33,13
880,17033,05,07,15,20,23,30,15
881,17032,05,08,15,24,27,31,11
882,17031,06,10,16,26,27,29,03
883,17030,01,07,09,20,23,30,02
884,17029,02,15,21,23,25,30,10
885,17028,07,08,12,13,22,30,09
886,17027,02,04,11,14,27,30,05
887,17026,03,10,12,19,27,30,08
888,17025,02,15,16,17,22,32,07
889,17024,09,21,25,26,29,31,13
890,17023,01,03,04,11,18,22,14
891,17022,02,06,15,16,18,32,15
892,17021,02,05,10,22,32,33,09
893,17020,04,08,10,12,31,33,10
894,17019,04,06,08,12,23,25,08
895,17018,01,02,03,17,25,31,09
896,17017,03,07,08,10,22,23,12
897,17016,05,08,16,22,27,29,02
898,17015,01,08,09,14,17,32,01
899,17014,06,08,18,20,23,31,13
900,17013,08,11,28,29,31,33,06
901,17012,10,11,14,15,16,24,07
902,17011,10,11,12,23,26,29,16
903,17010,05,08,19,25,28,30,07
904,17009,02,06,08,09,15,29,14
905,17008,07,13,15,27,28,29,13
906,17007,02,04,05,24,26,33,15
907,17006,02,04,08,26,29,33,08
908,17005,06,11,12,22,23,30,05
909,17004,05,13,17,26,27,30,07
910,17003,01,04,08,15,27,32,16
911,17002,15,19,23,24,25,32,03
912,17001,09,11,14,20,25,26,15
913,16153,07,09,16,24,25,29,06
914,16152,02,08,09,16,20,22,07
915,16151,06,11,16,20,22,33,07
916,16150,02,04,05,09,13,21,05
917,16149,03,20,23,26,32,33,07
918,16148,01,02,11,20,26,30,14
919,16147,04,14,18,28,31,32,12
920,16146,03,07,15,16,17,23,10
921,16145,01,03,07,12,19,20,06
922,16144,04,10,12,27,32,33,05
923,16143,06,09,23,24,25,33,13
924,16142,01,10,17,21,23,30,12
925,16141,04,13,15,17,21,24,15
926,16140,01,02,05,17,26,32,10
927,16139,01,06,19,26,28,30,03
928,16138,07,16,20,24,25,30,07
929,16137,01,06,09,10,15,32,14
930,16136,02,07,10,20,27,29,03
931,16135,02,08,10,18,20,33,12
932,16134,11,12,13,14,18,33,13
933,16133,15,16,21,22,27,33,15
934,16132,05,08,13,19,27,28,07
935,16131,04,10,18,19,25,27,02
936,16130,03,17,21,23,27,28,01
937,16129,05,06,08,21,31,33,14
938,16128,04,09,11,17,26,27,13
939,16127,07,12,17,26,29,31,16
940,16126,02,06,12,17,18,19,10
941,16125,01,06,08,20,27,30,03
942,16124,09,15,21,24,27,32,10
943,16123,07,09,12,14,20,27,16
944,16122,15,22,23,24,28,29,08
945,16121,02,03,10,23,25,28,09
946,16120,02,05,06,21,25,28,09
947,16119,09,19,21,30,31,32,04
948,16118,09,14,22,23,31,33,14
949,16117,03,10,14,17,28,33,02
950,16116,07,18,20,23,27,31,13
951,16115,06,08,20,22,26,27,09
952,16114,05,16,20,22,27,29,09
953,16113,01,11,16,17,20,26,14
954,16112,06,12,14,15,18,25,12
955,16111,02,04,07,14,15,32,04
956,16110,05,07,28,31,32,33,08
957,16109,09,11,15,16,27,33,05
958,16108,02,03,07,08,19,26,16
959,16107,06,11,18,26,27,32,01
960,16106,04,05,13,22,25,30,04
961,16105,08,10,19,27,28,31,16
962,16104,05,09,11,18,30,31,04
963,16103,01,05,13,19,24,27,11
964,16102,05,08,10,14,17,30,13
965,16101,01,03,19,24,32,33,01
966,16100,03,10,22,23,27,29,04
967,16099,01,11,21,23,27,33,06
968,16098,02,08,25,29,31,32,06
969,16097,06,13,25,26,28,31,01
970,16096,06,13,14,21,22,24,16
971,16095,01,05,09,12,18,32,12
972,16094,06,07,10,12,18,31,10
973,16093,06,09,15,17,25,27,09
974,16092,02,13,15,23,24,29,06
975,16091,04,08,14,22,23,28,07
976,16090,02,13,17,20,21,26,07
977,16089,01,03,14,30,31,32,08
978,16088,03,14,16,18,25,33,15
979,16087,02,03,10,11,14,21,12
980,16086,09,10,11,12,15,32,05
981,16085,01,12,19,20,21,25,16
982,16084,02,04,12,18,24,26,05
983,16083,09,16,17,24,30,31,04
984,16082,06,12,14,15,17,20,09
985,16081,02,06,15,25,30,32,07
986,16080,01,16,17,24,25,32,14
987,16079,01,03,10,12,24,28,02
988,16078,02,04,08,23,26,29,02
989,16077,01,09,17,19,20,29,10
990,16076,07,08,13,22,30,32,01
991,16075,01,03,06,16,29,32,07
992,16074,06,10,11,12,20,25,12
993,16073,09,11,12,15,16,20,13
994,16072,05,16,19,22,24,25,02
995,16071,19,21,26,28,29,32,01
996,16070,03,06,11,18,23,29,01
997,16069,08,10,11,20,21,27,11
998,16068,08,19,23,28,31,32,01
999,16067,09,13,18,20,27,31,04
1000,16066,03,07,13,18,19,20,05
1001,16065,13,16,22,25,26,27,14
1002,16064,03,12,14,17,19,26,03
1003,16063,16,17,18,23,28,32,07
1004,16062,12,13,15,18,19,21,09
1005,16061,05,06,08,18,20,32,08
1006,16060,04,05,22,26,29,32,08
1007,16059,04,11,12,20,25,28,15
1008,16058,03,05,18,20,24,32,11
1009,16057,07,12,19,22,23,26,11
1010,16056,03,04,08,11,16,18,14
1011,16055,05,06,10,16,22,26,11
1012,16054,06,11,16,19,28,32,04
1013,16053,02,08,10,12,29,31,01
1014,16052,01,06,13,19,24,28,16
1015,16051,01,02,04,09,15,33,12
1016,16050,09,12,24,28,29,30,02
1017,16049,06,08,13,14,22,27,10
1018,16048,03,08,13,14,15,30,04
1019,16047,02,05,08,15,17,22,16
1020,16046,07,20,25,26,27,30,14
1021,16045,04,09,12,17,30,32,03
1022,16044,01,03,10,12,18,30,01
1023,16043,05,14,20,26,30,33,12
1024,16042,07,14,17,23,26,31,09
1025,16041,12,17,18,21,22,24,04
1026,16040,03,13,19,20,23,26,03
1027,16039,01,03,07,18,19,27,16
1028,16038,03,12,13,22,28,29,03
1029,16037,06,15,26,31,32,33,16
1030,16036,03,04,07,09,20,22,03
1031,16035,04,13,19,20,26,29,11
1032,16034,03,15,21,22,23,28,15
1033,16033,06,17,18,20,27,29,15
1034,16032,08,12,14,15,21,27,15
1035,16031,03,08,10,19,26,33,03
1036,16030,10,14,19,22,25,29,12
1037,16029,12,15,18,20,21,27,15
1038,16028,06,08,12,21,25,29,01
1039,16027,11,13,15,17,19,31,05
1040,16026,04,09,12,28,30,33,01
1041,16025,04,11,12,17,24,30,12
1042,16024,02,05,07,14,18,31,13
1043,16023,03,06,10,19,25,29,07
1044,16022,04,09,19,22,23,30,07
1045,16021,09,11,13,22,24,26,05
1046,16020,01,02,10,12,22,24,10
1047,16019,06,13,16,17,23,30,10
1048,16018,12,13,14,17,21,25,04
1049,16017,05,06,08,20,22,30,05
1050,16016,01,20,22,24,25,26,16
1051,16015,01,02,14,22,25,26,07
1052,16014,02,08,10,18,20,27,07
1053,16013,07,12,21,22,26,31,01
1054,16012,07,12,14,16,27,32,15
1055,16011,03,08,10,15,22,29,12
1056,16010,02,04,12,14,19,25,06
1057,16009,10,14,24,25,27,32,04
1058,16008,02,15,24,29,32,33,02
1059,16007,05,12,14,20,27,29,06
1060,16006,13,16,18,20,28,31,12
1061,16005,11,14,18,20,31,33,14
1062,16004,08,10,17,22,25,33,12
1063,16003,01,10,14,23,26,28,01
1064,16002,09,14,17,20,24,30,16
1065,16001,06,13,16,18,20,22,13
1066,15154,07,09,11,15,18,25,07
1067,15153,08,11,15,22,27,29,03
1068,15152,11,18,19,21,29,32,12
1069,15151,05,06,08,23,31,32,11
1070,15150,01,03,08,11,29,31,13
1071,15149,09,10,20,21,22,33,09
1072,15148,09,13,14,22,26,27,07
1073,15147,08,09,16,23,24,30,05
1074,15146,16,17,21,28,30,32,15
1075,15145,07,08,15,19,20,24,13
1076,15144,01,04,07,15,28,32,16
1077,15143,13,15,19,20,21,32,04
1078,15142,13,17,19,20,22,25,11
1079,15141,03,08,19,25,27,28,02
1080,15140,06,20,28,29,30,31,12
1081,15139,01,10,13,18,25,27,09
1082,15138,01,02,08,16,19,24,11
1083,15137,14,22,23,27,28,31,12
1084,15136,02,05,12,23,28,29,01
1085,15135,01,12,14,18,26,32,07
1086,15134,02,05,14,19,27,31,04
1087,15133,02,03,13,20,22,24,15
1088,15132,03,05,11,28,30,33,01
1089,15131,10,12,13,19,22,26,03
1090,15130,06,14,15,16,17,22,10
1091,15129,05,08,11,16,18,27,04
1092,15128,01,03,08,11,22,28,06
1093,15127,07,10,19,22,27,33,06
1094,15126,10,11,15,20,23,29,12
1095,15125,05,13,22,27,30,33,10
1096,15124,02,03,05,12,18,27,01
1097,15123,05,08,09,12,22,28,07
1098,15122,05,07,11,16,22,25,07
1099,15121,01,03,20,21,28,29,12
1100,15120,16,21,24,26,27,29,16
1101,15119,02,08,10,18,23,31,08
1102,15118,01,04,11,21,23,31,12
1103,15117,04,11,12,18,26,32,12
1104,15116,04,06,15,23,26,28,11
1105,15115,01,07,08,14,24,32,03
1106,15114,04,07,09,13,21,26,01
1107,15113,01,05,07,08,19,27,12
1108,15112,01,03,10,19,20,27,11
1109,15111,08,14,16,18,20,30,12
1110,15110,05,07,16,17,22,23,04
1111,15109,01,08,09,16,32,33,13
1112,15108,02,12,19,22,24,27,15
1113,15107,07,14,16,18,21,25,08
1114,15106,01,03,04,23,31,32,13
1115,15105,09,10,16,19,20,26,12
1116,15104,09,18,21,23,25,26,01
1117,15103,06,08,13,26,30,32,14
1118,15102,07,09,12,14,21,23,06
1119,15101,08,16,22,24,28,29,05
1120,15100,02,03,11,17,19,21,08
1121,15099,06,07,10,11,14,22,09
1122,15098,06,09,13,26,27,33,01
1123,15097,09,12,14,20,26,27,04
1124,15096,06,16,17,23,24,31,07
1125,15095,04,15,21,28,30,31,04
1126,15094,01,04,06,13,16,17,10
1127,15093,01,03,13,21,25,31,08
1128,15092,09,15,19,21,26,27,01
1129,15091,05,07,17,19,22,31,11
1130,15090,10,12,14,22,25,33,15
1131,15089,12,14,19,27,28,29,01
1132,15088,02,12,20,24,29,31,09
1133,15087,09,15,16,19,20,28,11
1134,15086,05,06,08,16,18,22,12
1135,15085,02,08,25,27,28,29,05
1136,15084,15,18,20,22,28,29,15
1137,15083,06,07,16,18,29,32,05
1138,15082,02,08,09,14,28,30,07
1139,15081,13,20,22,26,28,31,13
1140,15080,14,17,25,27,28,30,02
1141,15079,09,14,15,20,26,32,11
1142,15078,03,07,20,22,26,29,02
1143,15077,01,06,08,10,13,27,16
1144,15076,01,09,10,19,23,27,09
1145,15075,06,11,13,19,21,32,04
1146,15074,04,07,21,25,26,29,08
1147,15073,01,02,17,22,26,27,04
1148,15072,01,03,05,20,21,31,05
1149,15071,08,18,20,28,29,31,08
1150,15070,01,07,13,19,21,29,15
1151,15069,01,13,17,18,23,30,15
1152,15068,06,15,18,21,26,27,10
1153,15067,02,05,08,24,25,31,14
1154,15066,05,08,11,17,24,28,16
1155,15065,08,10,14,19,26,29,12
1156,15064,11,12,14,17,23,27,01
1157,15063,01,07,09,16,22,32,12
1158,15062,09,14,15,18,21,26,16
1159,15061,06,18,22,26,32,33,04
1160,15060,01,03,18,27,31,32,13
1161,15059,02,06,09,16,25,32,14
1162,15058,02,09,10,18,19,20,15
1163,15057,09,20,24,25,26,32,04
1164,15056,01,07,08,16,18,20,14
1165,15055,01,10,15,18,19,28,02
1166,15054,01,02,07,10,22,26,07
1167,15053,03,07,17,22,32,33,10
1168,15052,02,04,11,16,25,26,12
1169,15051,04,10,24,26,28,32,09
1170,15050,03,09,12,16,17,31,04
1171,15049,07,12,14,17,20,23,05
1172,15048,13,16,17,22,25,27,10
1173,15047,02,03,20,24,26,27,09
1174,15046,05,07,10,14,23,31,01
1175,15045,01,05,13,22,30,31,07
1176,15044,02,03,04,13,14,16,02
1177,15043,11,12,15,24,26,27,15
1178,15042,09,10,19,21,23,32,08
1179,15041,04,09,11,17,21,25,06
1180,15040,13,16,18,27,30,32,16
1181,15039,01,13,15,26,29,30,12
1182,15038,05,06,11,12,14,33,14
1183,15037,05,07,12,18,28,31,03
1184,15036,04,06,16,17,26,33,03
1185,15035,01,08,09,22,24,33,03
1186,15034,12,13,17,18,20,27,13
1187,15033,03,06,21,29,31,32,05
1188,15032,11,14,16,18,29,32,16
1189,15031,01,05,07,22,26,32,11
1190,15030,08,11,14,15,16,26,07
1191,15029,07,14,15,19,21,28,07
1192,15028,04,07,10,26,27,28,14
1193,15027,05,07,09,16,26,29,07
1194,15026,02,13,17,21,22,33,13
1195,15025,10,11,12,15,27,32,14
1196,15024,09,11,16,18,23,24,10
1197,15023,08,09,10,13,29,30,01
1198,15022,04,07,10,16,23,25,10
1199,15021,14,15,16,17,27,28,08
1200,15020,01,04,07,19,22,23,04
1201,15019,02,06,11,19,25,26,04
1202,15018,06,09,12,14,28,29,09
1203,15017,13,18,20,25,27,33,12
1204,15016,02,06,10,15,17,31,13
1205,15015,01,07,20,24,25,33,04
1206,15014,02,12,16,19,27,30,11
1207,15013,08,09,24,25,26,29,01
1208,15012,03,05,22,23,29,31,06
1209,15011,04,14,15,17,18,20,15
1210,15010,01,02,03,08,21,31,09
1211,15009,04,07,14,17,21,25,14
1212,15008,04,07,10,16,20,22,03
1213,15007,01,07,09,17,20,33,08
1214,15006,01,10,11,29,31,33,13
1215,15005,07,10,16,17,18,32,15
1216,15004,02,14,15,16,23,24,10
1217,15003,10,15,20,23,24,31,15
1218,15002,07,15,16,25,28,32,05
1219,15001,01,07,09,16,20,23,06
1220,14152,08,13,15,20,21,25,12
1221,14151,04,05,08,11,21,27,08
1222,14150,03,08,14,22,24,32,09
1223,14149,07,09,10,15,19,33,01
1224,14148,01,02,05,12,15,16,13
1225,14147,06,07,22,26,31,32,10
1226,14146,01,06,13,20,29,32,01
1227,14145,10,12,13,23,26,29,11
1228,14144,03,05,06,09,10,27,14
1229,14143,03,12,18,20,25,26,16
1230,14142,06,21,22,23,25,28,13
1231,14141,08,09,11,16,21,24,10
1232,14140,06,10,11,14,17,33,06
1233,14139,01,14,15,20,25,29,11
1234,14138,04,06,13,29,31,33,13
1235,14137,03,06,09,11,25,29,09
1236,14136,03,16,19,27,31,32,10
1237,14135,02,04,11,13,25,33,01
1238,14134,05,16,22,23,26,28,02
1239,14133,13,14,16,23,30,31,13
1240,14132,05,06,14,15,18,33,08
1241,14131,05,17,21,22,28,32,14
1242,14130,01,02,10,24,30,33,10
1243,14129,05,08,09,20,28,32,02
1244,14128,05,07,08,17,18,24,14
1245,14127,02,10,12,21,23,27,12
1246,14126,06,11,16,17,22,27,01
1247,14125,10,11,15,26,31,32,06
1248,14124,02,17,20,24,31,33,04
1249,14123,01,06,11,17,28,33,05
1250,14122,06,09,11,16,20,29,11
1251,14121,01,02,13,22,28,30,09
1252,14120,01,07,12,16,23,28,04
1253,14119,06,13,17,20,26,29,09
1254,14118,05,07,15,18,26,30,03
1255,14117,05,10,17,25,28,29,04
1256,14116,09,10,14,15,19,29,16
1257,14115,01,09,10,11,13,32,03
1258,14114,02,07,23,30,32,33,10
1259,14113,12,14,28,31,32,33,07
1260,14112,01,15,16,21,24,30,03
1261,14111,02,08,17,20,22,28,02
1262,14110,01,08,11,13,19,30,06
1263,14109,02,05,11,15,19,28,02
1264,14108,03,08,09,20,23,28,02
1265,14107,11,14,17,22,25,27,16
1266,14106,09,14,17,18,21,25,15
1267,14105,14,16,17,19,27,32,04
1268,14104,02,06,12,19,27,28,13
1269,14103,03,08,09,10,18,33,04
1270,14102,14,16,21,24,28,31,13
1271,14101,16,18,20,23,24,32,07
1272,14100,01,06,09,10,14,16,11
1273,14099,01,05,10,11,13,32,14
1274,14098,02,13,17,20,29,31,07
1275,14097,07,13,24,25,27,32,15
1276,14096,12,14,17,19,22,24,08
1277,14095,05,06,08,14,22,31,08
1278,14094,01,10,18,20,23,29,01
1279,14093,02,08,09,10,20,29,05
1280,14092,03,13,18,19,22,26,07
1281,14091,01,05,12,19,27,29,14
1282,14090,05,09,11,19,24,32,13
1283,14089,04,06,14,17,27,30,09
1284,14088,03,06,11,14,16,29,15
1285,14087,06,18,22,23,32,33,06
1286,14086,02,04,10,12,14,30,08
1287,14085,01,02,11,19,23,29,08
1288,14084,01,06,09,10,13,25,08
1289,14083,05,06,19,21,23,33,12
1290,14082,02,04,20,25,26,29,11
1291,14081,08,14,22,24,27,29,10
1292,14080,05,14,16,17,25,30,07
1293,14079,02,07,16,22,27,28,02
1294,14078,02,03,05,06,09,17,07
1295,14077,08,09,12,15,19,22,10
1296,14076,06,10,12,17,18,33,11
1297,14075,03,09,11,22,27,29,06
1298,14074,01,03,06,13,30,31,12
1299,14073,01,12,16,20,30,33,02
1300,14072,01,03,07,13,19,32,16
1301,14071,02,04,12,17,22,25,14
1302,14070,01,07,09,19,28,29,07
1303,14069,05,12,17,19,25,30,11
1304,14068,04,12,13,22,27,29,16
1305,14067,01,06,07,17,18,23,06
1306,14066,02,05,15,17,18,21,16
1307,14065,03,04,05,08,10,22,06
1308,14064,02,09,15,16,29,32,14
1309,14063,03,08,17,21,22,31,16
1310,14062,06,09,15,24,25,26,09
1311,14061,02,14,17,27,28,31,08
1312,14060,03,05,14,18,25,33,06
1313,14059,05,08,12,13,23,25,13
1314,14058,02,03,12,13,14,25,11
1315,14057,02,04,12,18,23,31,08
1316,14056,01,11,18,20,28,29,01
1317,14055,02,09,14,19,21,30,04
1318,14054,01,04,05,11,29,30,14
1319,14053,14,17,19,22,26,31,02
1320,14052,09,13,15,28,30,33,08
1321,14051,10,16,19,21,23,24,13
1322,14050,03,17,23,25,26,32,13
1323,14049,06,07,16,17,23,32,06
1324,14048,06,09,16,17,24,25,16
1325,14047,08,10,11,12,19,29,15
1326,14046,02,10,11,17,18,22,10
1327,14045,02,04,09,11,19,22,15
1328,14044,04,09,21,27,28,33,12
1329,14043,02,05,09,14,24,33,09
1330,14042,12,15,20,25,28,33,14
1331,14041,07,11,16,18,21,22,02
1332,14040,03,04,06,11,12,15,08
1333,14039,03,11,15,19,20,31,07
1334,14038,04,07,22,23,24,33,16
1335,14037,06,13,14,24,25,30,07
1336,14036,01,07,08,09,11,22,03
1337,14035,07,08,09,17,32,33,06
1338,14034,01,03,04,08,25,31,06
1339,14033,05,13,23,28,32,33,12
1340,14032,01,02,14,22,29,33,07
1341,14031,04,10,16,17,21,27,14
1342,14030,12,18,19,23,24,30,10
1343,14029,02,07,14,16,21,29,14
1344,14028,06,16,21,27,30,32,05
1345,14027,08,10,14,16,30,31,01
1346,14026,01,02,05,06,11,23,14
1347,14025,01,05,10,14,16,30,16
1348,14024,08,10,16,20,23,30,09
1349,14023,07,09,13,17,21,22,10
1350,14022,04,06,07,10,21,26,16
1351,14021,08,10,15,17,22,29,12
1352,14020,09,14,17,23,24,25,15
1353,14019,02,10,15,19,20,21,07
1354,14018,13,17,18,21,30,33,15
1355,14017,04,06,07,14,25,26,10
1356,14016,02,03,07,13,21,24,08
1357,14015,02,11,19,30,32,33,09
1358,14014,04,09,19,22,25,29,15
1359,14013,05,09,13,15,17,21,13
1360,14012,01,08,11,19,21,24,08
1361,14011,09,10,13,14,21,32,02
1362,14010,05,07,08,20,31,33,11
1363,14009,08,09,19,20,25,32,16
1364,14008,05,14,16,21,29,30,12
1365,14007,08,10,12,14,18,28,14
1366,14006,03,04,07,17,21,27,14
1367,14005,15,18,23,27,32,33,04
1368,14004,01,04,19,22,24,25,15
1369,14003,06,10,11,28,30,33,12
1370,14002,04,21,23,31,32,33,04
1371,14001,03,09,15,20,27,29,01
1372,13154,07,11,14,19,24,29,05
1373,13153,08,11,13,18,28,33,10
1374,13152,04,06,14,16,18,29,05
1375,13151,03,09,10,19,28,33,09
1376,13150,01,15,16,25,26,29,10
1377,13149,09,18,25,26,30,32,11
1378,13148,06,11,12,14,17,22,01
1379,13147,02,15,16,17,19,30,08
1380,13146,08,20,25,30,32,33,01
1381,13145,06,10,13,16,23,24,15
1382,13144,05,07,12,19,27,31,02
1383,13143,12,18,21,22,27,32,11
1384,13142,11,12,14,20,22,29,14
1385,13141,03,04,05,25,30,31,04
1386,13140,01,05,12,13,21,22,10
1387,13139,07,08,11,13,21,27,08
1388,13138,04,15,16,24,27,28,03
1389,13137,04,17,19,23,24,27,10
1390,13136,04,06,14,16,18,26,06
1391,13135,09,23,24,25,29,31,12
1392,13134,01,17,18,19,25,29,10
1393,13133,04,07,12,19,22,25,01
1394,13132,20,21,22,23,25,27,12
1395,13131,04,06,12,17,19,26,09
1396,13130,01,03,15,16,31,33,08
1397,13129,05,06,10,14,27,31,14
1398,13128,07,13,17,19,25,31,08
1399,13127,02,03,13,20,22,33,14
1400,13126,04,10,19,27,31,33,16
1401,13125,04,06,08,18,25,28,16
1402,13124,03,09,15,23,25,30,07
1403,13123,01,02,06,11,17,25,02
1404,13122,07,10,13,15,26,27,11
1405,13121,04,05,06,07,25,27,07
1406,13120,05,06,13,18,23,31,11
1407,13119,05,15,20,22,26,32,09
1408,13118,02,03,17,22,32,33,16
1409,13117,09,12,13,24,27,33,16
1410,13116,12,15,21,26,32,33,07
1411,13115,03,12,16,17,18,27,08
1412,13114,04,06,17,21,23,33,07
1413,13113,04,07,11,17,24,33,09
1414,13112,01,06,12,13,22,31,07
1415,13111,01,02,03,06,08,33,13
1416,13110,15,17,18,21,29,32,13
1417,13109,09,23,24,27,29,32,08
1418,13108,16,21,22,28,31,32,05
1419,13107,07,09,11,17,28,31,11
1420,13106,09,11,23,30,31,32,06
1421,13105,01,11,23,27,31,32,09
1422,13104,01,02,04,15,17,28,11
1423,13103,02,04,09,13,18,20,07
1424,13102,02,04,05,06,08,16,03
1425,13101,05,07,09,23,27,32,01
1426,13100,04,08,11,14,16,20,11
1427,13099,05,11,20,21,26,31,03
1428,13098,07,15,18,19,20,26,14
1429,13097,05,14,17,22,23,25,07
1430,13096,01,02,22,28,29,30,15
1431,13095,01,06,15,19,28,29,10
1432,13094,02,04,14,18,20,22,07
1433,13093,01,02,08,26,29,31,14
1434,13092,07,11,15,21,26,31,06
1435,13091,04,14,24,25,28,31,10
1436,13090,02,05,11,23,24,29,08
1437,13089,04,08,12,19,21,25,13
1438,13088,09,15,20,21,22,24,14
1439,13087,02,13,19,23,24,28,05
1440,13086,02,04,11,13,16,26,11
1441,13085,02,08,12,14,16,32,16
1442,13084,05,07,09,11,20,21,03
1443,13083,05,06,12,14,19,23,09
1444,13082,04,13,14,20,22,30,06
1445,13081,01,04,10,13,21,31,13
1446,13080,10,11,12,23,28,32,16
1447,13079,07,13,17,19,22,26,13
1448,13078,03,05,17,18,26,27,15
1449,13077,09,14,23,24,26,29,03
1450,13076,14,23,24,26,29,30,03
1451,13075,04,06,09,25,30,33,14
1452,13074,03,06,08,14,19,32,03
1453,13073,02,09,13,17,20,28,11
1454,13072,02,08,11,14,19,33,09
1455,13071,05,12,21,23,26,28,09
1456,13070,02,03,09,10,28,30,06
1457,13069,07,16,17,18,30,33,06
1458,13068,02,07,13,20,25,27,06
1459,13067,01,04,09,15,22,30,06
1460,13066,01,03,16,17,20,32,07
1461,13065,07,18,19,23,29,30,02
1462,13064,01,09,13,22,25,32,12
1463,13063,10,15,18,20,23,31,12
1464,13062,01,06,07,19,22,27,02
1465,13061,05,06,07,12,13,18,12
1466,13060,05,07,10,13,19,20,15
1467,13059,03,10,18,24,27,29,09
1468,13058,08,11,17,21,23,24,05
1469,13057,13,16,19,23,26,28,05
1470,13056,03,12,25,26,28,29,16
1471,13055,08,18,19,22,27,32,06
1472,13054,03,04,08,14,21,28,14
1473,13053,03,12,13,22,30,33,14
1474,13052,06,07,14,21,22,24,13
1475,13051,08,12,15,19,28,29,02
1476,13050,03,07,13,18,22,25,03
1477,13049,10,13,14,16,21,32,14
1478,13048,10,13,17,28,30,32,04
1479,13047,01,08,11,17,27,30,12
1480,13046,03,16,19,20,24,26,06
1481,13045,06,07,08,14,23,31,12
1482,13044,03,05,11,18,26,28,06
1483,13043,03,06,14,15,17,25,16
1484,13042,01,08,12,13,15,33,03
1485,13041,02,10,12,17,23,24,05
1486,13040,02,04,10,12,17,30,10
1487,13039,01,02,14,15,24,29,06
1488,13038,09,10,12,14,15,19,11
1489,13037,02,15,18,27,28,32,14
1490,13036,04,05,09,27,29,31,13
1491,13035,01,14,15,17,26,30,02
1492,13034,06,15,20,22,26,33,09
1493,13033,05,06,13,17,19,28,01
1494,13032,04,21,25,29,30,33,03
1495,13031,03,13,14,15,21,33,03
1496,13030,07,14,18,25,26,29,06
1497,13029,06,07,10,19,23,29,12
1498,13028,07,08,14,25,26,28,13
1499,13027,01,02,04,12,21,24,12
1500,13026,04,11,14,15,22,31,11
1501,13025,16,17,18,24,25,30,08
1502,13024,04,05,13,23,27,30,09
1503,13023,03,06,15,18,30,32,05
1504,13022,02,04,07,09,15,20,07
1505,13021,01,06,17,19,26,31,11
1506,13020,01,07,08,12,16,21,01
1507,13019,01,02,05,16,20,26,06
1508,13018,02,08,13,28,29,30,05
1509,13017,04,06,12,30,31,32,09
1510,13016,02,05,06,12,14,28,05
1511,13015,05,06,07,11,13,18,15
1512,13014,02,04,05,17,19,20,08
1513,13013,05,06,13,19,22,28,09
1514,13012,06,14,17,22,28,29,02
1515,13011,03,12,17,24,27,29,09
1516,13010,01,09,11,17,32,33,12
1517,13009,01,04,09,13,16,23,02
1518,13008,03,08,17,21,25,32,15
1519,13007,02,09,15,22,26,32,01
1520,13006,09,10,13,17,22,30,13
1521,13005,01,13,14,25,31,32,12
1522,13004,06,10,16,20,27,32,08
1523,13003,22,23,26,27,28,33,09
1524,13002,01,16,18,22,28,30,12
1525,13001,06,08,14,15,24,25,06
1526,12154,05,07,12,16,28,32,04
1527,12153,04,05,11,21,27,28,10
1528,12152,10,12,18,22,28,29,07
1529,12151,05,14,24,25,26,32,01
1530,12150,09,11,17,23,24,26,07
1531,12149,01,05,13,25,26,32,13
1532,12148,03,06,11,17,21,31,07
1533,12147,02,12,15,23,24,32,09
1534,12146,01,05,07,13,29,32,13
1535,12145,05,20,26,27,28,33,03
1536,12144,03,10,12,13,27,30,04
1537,12143,07,08,18,25,30,32,06
1538,12142,05,18,22,28,29,31,06
1539,12141,03,05,08,19,20,27,09
1540,12140,14,18,27,30,31,33,15
1541,12139,08,19,21,24,28,31,15
1542,12138,01,07,16,17,19,21,14
1543,12137,01,02,04,06,13,17,07
1544,12136,02,07,08,17,21,28,11
1545,12135,02,05,07,08,11,17,16
1546,12134,02,05,06,07,13,23,15
1547,12133,01,08,11,20,21,29,02
1548,12132,07,12,16,17,21,25,10
1549,12131,06,18,19,26,28,32,12
1550,12130,01,03,15,20,22,31,03
1551,12129,01,07,09,17,21,29,01
1552,12128,05,09,12,29,30,31,05
1553,12127,01,09,11,21,26,32,08
1554,12126,03,05,12,15,23,24,07
1555,12125,08,12,13,26,29,33,01
1556,12124,06,07,21,25,27,33,11
1557,12123,08,10,16,25,28,33,09
1558,12122,12,13,19,22,28,29,11
1559,12121,01,07,08,20,23,24,11
1560,12120,01,04,20,24,28,29,16
1561,12119,12,20,25,26,27,28,13
1562,12118,05,06,07,12,15,28,11
1563,12117,13,15,18,20,24,28,09
1564,12116,03,21,26,29,31,32,03
1565,12115,03,08,20,24,26,32,14
1566,12114,01,06,11,26,27,29,15
1567,12113,03,06,09,13,18,32,06
1568,12112,08,15,20,21,27,31,06
1569,12111,02,09,10,20,22,31,13
1570,12110,03,07,10,13,22,32,09
1571,12109,02,12,24,26,29,31,03
1572,12108,01,09,12,13,19,28,13
1573,12107,11,12,15,24,25,31,09
1574,12106,13,14,20,22,23,32,16
1575,12105,06,13,14,15,17,30,04
1576,12104,04,05,09,10,19,28,03
1577,12103,04,09,11,14,32,33,02
1578,12102,13,25,27,28,29,30,15
1579,12101,09,12,17,18,20,33,02
1580,12100,05,07,15,18,25,33,10
1581,12099,08,12,15,16,21,27,16
1582,12098,02,12,19,26,29,31,09
1583,12097,05,08,13,14,19,22,06
1584,12096,04,07,11,16,29,33,07
1585,12095,17,24,27,28,29,30,02
1586,12094,06,09,14,16,23,33,15
1587,12093,03,05,19,21,24,33,13
1588,12092,06,13,17,18,28,32,03
1589,12091,01,05,07,08,19,21,16
1590,12090,02,13,20,25,29,30,11
1591,12089,03,07,10,13,14,25,11
1592,12088,03,05,23,24,27,31,15
1593,12087,03,10,11,13,14,22,09
1594,12086,08,09,13,15,22,23,08
1595,12085,05,17,24,30,31,33,05
1596,12084,02,10,20,26,28,29,14
1597,12083,04,09,14,15,26,33,04
1598,12082,02,04,11,18,22,29,06
1599,12081,02,05,10,24,25,29,06
1600,12080,04,09,14,15,16,27,03
1601,12079,06,07,12,24,30,33,12
1602,12078,08,15,22,24,28,33,12
1603,12077,02,04,13,18,26,28,12
1604,12076,11,18,22,27,29,30,15
1605,12075,04,06,22,23,29,32,11
1606,12074,15,16,18,19,28,32,08
1607,12073,04,07,09,10,17,27,05
1608,12072,02,03,07,09,13,30,06
1609,12071,03,04,19,21,22,23,08
1610,12070,02,03,04,24,31,32,11
1611,12069,08,10,11,18,20,29,06
1612,12068,05,17,22,26,32,33,10
1613,12067,04,05,10,21,26,30,16
1614,12066,01,02,09,26,29,33,12
1615,12065,08,10,18,19,27,31,14
1616,12064,05,10,11,16,23,24,11
1617,12063,02,10,17,19,24,27,12
1618,12062,02,13,16,17,20,31,07
1619,12061,03,08,11,12,14,18,14
1620,12060,07,10,13,16,17,29,01
1621,12059,04,13,21,22,26,31,01
1622,12058,03,06,15,20,25,26,04
1623,12057,03,05,19,21,27,31,04
1624,12056,04,07,14,17,26,31,10
1625,12055,04,06,13,20,24,28,01
1626,12054,06,14,18,20,30,33,14
1627,12053,04,15,22,25,27,33,04
1628,12052,02,03,05,06,20,24,04
1629,12051,02,12,14,17,30,31,09
1630,12050,07,13,15,17,19,24,11
1631,12049,04,12,13,19,20,32,02
1632,12048,01,05,14,22,24,30,10
1633,12047,06,07,11,16,32,33,11
1634,12046,04,12,19,20,23,33,06
1635,12045,08,11,20,21,27,30,09
1636,12044,06,09,10,14,22,25,03
1637,12043,02,09,11,21,26,33,03
1638,12042,05,06,11,19,24,28,16
1639,12041,08,11,15,20,24,32,02
1640,12040,03,08,09,22,25,31,10
1641,12039,01,02,05,13,22,29,08
1642,12038,09,10,11,15,19,33,16
1643,12037,05,14,19,24,28,33,09
1644,12036,02,11,13,18,19,26,09
1645,12035,09,11,12,21,24,26,05
1646,12034,02,03,08,23,32,33,16
1647,12033,02,03,15,16,17,27,04
1648,12032,01,02,10,17,22,24,04
1649,12031,04,16,22,24,27,31,03
1650,12030,09,10,17,18,21,31,08
1651,12029,04,07,15,25,26,28,03
1652,12028,10,15,20,21,28,30,11
1653,12027,04,16,22,25,30,31,12
1654,12026,03,07,09,15,24,25,16
1655,12025,03,08,09,17,25,27,06
1656,12024,04,12,19,21,25,28,13
1657,12023,05,09,15,23,24,33,02
1658,12022,04,08,12,24,26,27,04
1659,12021,01,15,16,18,22,30,03
1660,12020,03,08,12,18,23,29,11
1661,12019,07,14,18,20,22,30,16
1662,12018,03,05,06,22,26,32,15
1663,12017,06,09,14,19,25,28,10
1664,12016,02,05,12,17,22,25,08
1665,12015,01,03,06,10,21,23,15
1666,12014,01,02,05,16,28,30,12
1667,12013,06,08,24,29,30,32,13
1668,12012,15,17,18,20,23,27,01
1669,12011,04,14,15,16,20,26,05
1670,12010,01,03,13,19,25,26,10
1671,12009,04,16,24,26,27,33,11
1672,12008,01,12,20,23,24,29,08
1673,12007,10,17,19,27,28,32,04
1674,12006,02,22,25,29,32,33,08
1675,12005,07,09,18,27,31,33,06
1676,12004,01,05,10,11,21,23,16
1677,12003,03,06,08,24,29,31,09
1678,12002,02,03,07,09,10,32,13
1679,12001,01,04,05,09,15,17,06
1680,11153,05,08,09,10,20,25,13
1681,11152,04,10,11,12,21,26,13
1682,11151,07,11,16,19,31,33,10
1683,11150,08,10,12,15,22,27,13
1684,11149,04,05,06,07,23,31,16
1685,11148,05,14,22,23,25,26,14
1686,11147,04,08,12,17,18,30,10
1687,11146,11,23,26,28,32,33,10
1688,11145,02,04,14,15,26,30,04
1689,11144,01,02,09,10,16,24,03
1690,11143,07,08,12,14,15,30,16
1691,11142,12,15,16,26,29,31,02
1692,11141,02,04,06,19,24,29,11
1693,11140,04,18,20,22,27,29,06
1694,11139,08,20,24,27,30,31,03
1695,11138,01,05,15,24,28,32,07
1696,11137,02,11,18,23,30,33,13
1697,11136,02,04,06,20,22,31,07
1698,11135,12,13,17,20,25,26,12
1699,11134,01,02,06,07,30,31,10
1700,11133,12,14,20,21,25,31,16
1701,11132,02,05,12,13,25,33,07
1702,11131,02,07,09,17,21,25,01
1703,11130,07,14,18,23,25,32,15
1704,11129,07,10,11,21,23,26,06
1705,11128,09,11,14,17,19,23,12
1706,11127,16,19,22,23,27,29,11
1707,11126,03,07,13,18,23,26,16
1708,11125,03,10,15,24,27,32,08
1709,11124,09,18,19,26,31,32,16
1710,11123,01,04,05,14,19,28,16
1711,11122,10,12,18,26,27,31,03
1712,11121,04,14,22,25,32,33,02
1713,11120,04,14,17,28,30,33,07
1714,11119,09,12,14,19,28,32,01
1715,11118,05,06,11,14,20,21,10
1716,11117,08,10,19,26,28,30,04
1717,11116,01,07,11,12,17,27,05
1718,11115,07,08,09,12,17,33,16
1719,11114,01,14,15,16,30,32,09
1720,11113,06,10,11,25,32,33,05
1721,11112,03,05,16,18,23,24,15
1722,11111,01,03,05,20,25,27,04
1723,11110,12,14,21,26,28,33,12
1724,11109,01,03,09,15,16,33,15
1725,11108,02,17,22,26,29,33,10
1726,11107,04,09,16,17,22,29,15
1727,11106,02,11,12,14,24,32,14
1728,11105,04,06,23,25,27,28,01
1729,11104,09,10,16,20,25,29,09
1730,11103,04,05,10,13,15,16,12
1731,11102,01,05,13,21,27,31,11
1732,11101,06,10,19,23,29,31,06
1733,11100,07,11,21,23,31,32,05
1734,11099,10,12,13,21,26,27,14
1735,11098,03,07,20,21,22,32,05
1736,11097,09,17,19,20,21,26,16
1737,11096,01,04,07,13,14,19,15
1738,11095,03,07,08,10,23,24,05
1739,11094,09,11,12,17,18,19,05
1740,11093,04,07,11,13,23,30,09
1741,11092,05,10,17,26,31,32,04
1742,11091,09,15,21,23,28,30,03
1743,11090,02,05,14,18,21,25,16
1744,11089,01,02,11,24,29,30,12
1745,11088,03,09,17,20,21,29,04
1746,11087,02,03,04,05,18,28,01
1747,11086,06,07,09,12,17,24,09
1748,11085,03,06,11,21,24,31,10
1749,11084,09,10,12,16,18,32,15
1750,11083,07,16,18,24,28,29,06
1751,11082,07,16,17,20,25,26,04
1752,11081,06,14,19,23,25,32,12
1753,11080,02,07,09,25,31,32,09
1754,11079,03,14,15,16,24,29,05
1755,11078,03,05,13,20,22,29,09
1756,11077,01,07,08,15,26,29,10
1757,11076,06,19,21,26,32,33,13
1758,11075,07,09,10,12,31,32,13
1759,11074,02,21,26,28,29,32,01
1760,11073,03,04,05,12,17,21,14
1761,11072,01,06,10,11,18,27,12
1762,11071,01,02,15,22,28,30,02
1763,11070,01,03,05,12,21,28,12
1764,11069,02,13,16,18,24,30,12
1765,11068,03,07,10,15,19,24,10
1766,11067,17,19,20,24,25,27,12
1767,11066,04,06,14,17,30,32,12
1768,11065,04,16,23,25,27,29,03
1769,11064,03,06,07,29,30,33,02
1770,11063,04,06,13,15,18,19,05
1771,11062,04,08,09,10,29,30,03
1772,11061,02,03,08,13,19,21,03
1773,11060,10,11,13,21,27,31,01
1774,11059,24,26,27,29,31,33,16
1775,11058,07,18,22,30,32,33,06
1776,11057,04,06,20,21,26,33,02
1777,11056,13,16,19,20,23,25,10
1778,11055,08,13,16,17,29,32,16
1779,11054,08,11,16,17,22,33,08
1780,11053,03,06,10,12,22,30,15
1781,11052,04,05,08,19,27,28,08
1782,11051,01,07,11,14,15,16,14
1783,11050,04,05,19,22,28,29,15
1784,11049,01,11,17,18,27,31,14
1785,11048,10,14,18,25,26,27,15
1786,11047,04,13,23,25,27,33,14
1787,11046,09,17,18,26,29,30,08
1788,11045,02,16,17,20,26,32,08
1789,11044,03,14,16,26,27,31,09
1790,11043,04,13,14,17,25,31,04
1791,11042,05,13,15,17,19,21,15
1792,11041,04,10,12,13,30,32,13
1793,11040,05,11,14,24,26,28,13
1794,11039,03,07,10,16,24,29,13
1795,11038,02,14,15,19,23,24,12
1796,11037,01,03,04,06,17,25,11
1797,11036,02,11,20,22,24,31,05
1798,11035,13,14,18,20,27,31,02
1799,11034,13,14,17,19,24,31,08
1800,11033,02,08,12,13,19,29,04
1801,11032,03,05,07,13,14,15,15
1802,11031,16,17,24,28,29,32,12
1803,11030,02,09,19,24,25,33,10
1804,11029,01,04,09,10,20,31,07
1805,11028,01,04,05,14,16,17,01
1806,11027,13,18,21,22,25,26,01
1807,11026,07,08,17,19,21,26,12
1808,11025,08,25,26,31,32,33,09
1809,11024,05,07,10,19,26,31,14
1810,11023,02,03,06,21,22,25,05
1811,11022,02,07,14,16,17,21,05
1812,11021,01,02,14,18,25,31,08
1813,11020,12,16,17,19,24,30,05
1814,11019,02,04,12,19,32,33,16
1815,11018,13,15,18,28,30,33,01
1816,11017,02,06,15,23,26,33,08
1817,11016,03,04,16,17,22,29,13
1818,11015,03,06,13,26,27,29,07
1819,11014,05,07,10,11,23,26,16
1820,11013,01,03,13,16,21,22,08
1821,11012,07,08,11,13,15,26,13
1822,11011,01,12,18,19,21,24,10
1823,11010,01,04,05,09,15,19,13
1824,11009,17,18,23,24,25,26,04
1825,11008,10,12,13,17,24,31,15
1826,11007,01,09,17,24,26,31,05
1827,11006,01,03,05,13,16,18,05
1828,11005,06,09,12,14,20,22,13
1829,11004,04,06,08,10,13,26,05
1830,11003,13,14,21,22,23,27,04
1831,11002,06,08,12,17,28,33,05
1832,11001,03,09,20,24,26,32,10
1833,10153,03,06,12,19,30,31,13
1834,10152,04,09,17,21,25,31,01
1835,10151,02,13,14,17,19,26,14
1836,10150,02,17,18,23,29,30,06
1837,10149,02,07,08,16,25,30,09
1838,10148,01,03,07,18,23,27,12
1839,10147,02,08,15,18,24,30,03
1840,10146,01,17,18,22,25,32,01
1841,10145,03,21,24,27,28,31,08
1842,10144,02,03,08,15,19,21,11
1843,10143,09,16,18,26,30,31,14
1844,10142,02,16,18,23,26,27,10
1845,10141,02,03,07,18,23,27,06
1846,10140,01,12,13,18,26,29,15
1847,10139,11,13,18,20,26,31,09
1848,10138,01,21,23,24,26,30,05
1849,10137,07,09,10,13,19,33,06
1850,10136,04,10,23,24,26,33,10
1851,10135,04,10,13,25,26,30,10
1852,10134,09,15,16,22,27,28,06
1853,10133,03,09,17,21,26,32,01
1854,10132,02,10,12,18,24,33,15
1855,10131,05,06,15,16,19,26,06
1856,10130,01,02,07,15,21,31,16
1857,10129,04,08,14,25,28,32,16
1858,10128,04,11,19,20,24,28,12
1859,10127,01,04,08,17,25,33,01
1860,10126,03,13,18,20,27,28,05
1861,10125,06,07,13,23,28,29,09
1862,10124,02,06,08,11,12,25,02
1863,10123,06,12,15,18,29,32,10
1864,10122,02,09,12,16,25,27,06
1865,10121,08,11,13,18,25,30,15
1866,10120,01,02,05,06,10,29,16
1867,10119,07,17,25,27,30,31,09
1868,10118,05,08,11,13,15,25,05
1869,10117,01,08,20,22,24,28,01
1870,10116,05,09,10,20,22,26,07
1871,10115,01,22,24,25,29,33,15
1872,10114,01,08,11,15,17,25,01
1873,10113,05,10,15,18,20,28,10
1874,10112,01,08,18,24,29,30,16
1875,10111,04,07,08,13,17,18,10
1876,10110,01,03,12,24,26,27,01
1877,10109,04,15,18,25,29,32,15
1878,10108,02,04,08,20,23,24,07
1879,10107,08,12,15,17,22,33,16
1880,10106,02,06,08,15,26,29,16
1881,10105,01,08,09,19,21,31,11
1882,10104,07,17,23,24,27,32,02
1883,10103,06,09,14,17,20,33,09
1884,10102,04,11,16,20,22,29,10
1885,10101,04,09,18,21,25,26,06
1886,10100,01,06,12,22,23,26,08
1887,10099,03,04,17,24,27,30,06
1888,10098,01,03,08,16,29,33,07
1889,10097,10,16,18,21,24,26,01
1890,10096,07,12,21,23,24,28,03
1891,10095,09,11,16,17,25,27,14
1892,10094,03,05,07,27,31,32,10
1893,10093,09,10,19,28,32,33,06
1894,10092,03,13,19,27,28,30,02
1895,10091,06,13,16,20,22,24,16
1896,10090,01,06,10,15,25,31,14
1897,10089,07,08,09,16,23,26,01
1898,10088,05,06,15,23,27,30,12
1899,10087,01,08,16,17,25,30,10
1900,10086,05,21,28,29,30,31,08
1901,10085,01,08,12,13,24,27,08
1902,10084,02,10,14,18,20,30,03
1903,10083,02,20,21,22,23,31,12
1904,10082,01,08,13,14,27,31,02
1905,10081,02,03,09,24,26,27,05
1906,10080,08,10,13,14,16,23,16
1907,10079,08,11,12,14,18,22,02
1908,10078,01,03,09,11,17,23,12
1909,10077,02,08,14,20,21,24,09
1910,10076,01,12,14,29,31,32,15
1911,10075,05,09,12,13,15,22,14
1912,10074,02,10,17,18,19,29,15
1913,10073,01,16,20,23,27,31,02
1914,10072,06,08,22,23,30,31,01
1915,10071,05,13,14,17,20,26,01
1916,10070,08,13,23,27,31,33,07
1917,10069,12,14,20,22,24,32,11
1918,10068,03,13,18,20,23,28,13
1919,10067,01,07,10,14,21,25,01
1920,10066,01,03,21,22,31,32,07
1921,10065,02,07,08,17,30,32,12
1922,10064,08,14,25,26,30,31,11
1923,10063,02,06,10,17,23,24,03
1924,10062,11,13,15,20,31,33,03
1925,10061,02,04,16,19,22,26,12
1926,10060,01,08,15,18,22,27,09
1927,10059,01,09,11,12,18,30,10
1928,10058,01,04,11,17,19,29,12
1929,10057,05,11,12,19,25,32,05
1930,10056,01,02,03,08,13,32,07
1931,10055,02,03,13,19,20,23,08
1932,10054,01,06,08,12,14,25,06
1933,10053,03,22,24,27,28,30,14
1934,10052,01,02,19,23,27,29,10
1935,10051,04,17,23,27,28,32,03
1936,10050,07,21,22,26,28,30,11
1937,10049,01,06,10,26,27,28,02
1938,10048,01,06,08,10,23,33,02
1939,10047,03,10,13,20,21,32,15
1940,10046,11,12,21,23,27,32,05
1941,10045,02,03,04,13,20,29,01
1942,10044,03,09,21,23,27,31,05
1943,10043,04,10,19,22,28,33,04
1944,10042,03,06,11,20,31,32,10
1945,10041,03,05,13,19,25,29,12
1946,10040,12,19,24,25,30,32,11
1947,10039,08,17,21,23,25,32,12
1948,10038,01,06,07,11,13,16,01
1949,10037,03,16,19,21,24,26,06
1950,10036,06,13,14,28,29,30,08
1951,10035,09,10,11,18,19,21,10
1952,10034,06,11,13,22,25,32,12
1953,10033,08,10,11,12,25,29,09
1954,10032,08,18,21,28,29,33,08
1955,10031,05,07,13,24,25,28,04
1956,10030,03,06,10,16,25,31,05
1957,10029,01,05,14,16,17,22,03
1958,10028,01,03,06,12,16,32,12
1959,10027,03,04,15,25,26,30,13
1960,10026,02,04,05,08,19,22,12
1961,10025,04,05,07,10,13,25,11
1962,10024,07,16,26,27,29,31,14
1963,10023,02,09,11,22,24,27,11
1964,10022,01,02,18,29,31,32,02
1965,10021,02,09,16,17,19,25,04
1966,10020,05,06,14,22,24,26,09
1967,10019,02,10,22,24,26,27,06
1968,10018,11,28,29,30,32,33,02
1969,10017,01,03,06,11,12,23,11
1970,10016,02,08,10,12,30,33,16
1971,10015,01,04,16,21,23,28,06
1972,10014,01,03,07,14,26,28,02
1973,10013,01,02,03,16,18,23,12
1974,10012,02,08,13,14,25,33,10
1975,10011,07,08,14,22,24,30,07
1976,10010,07,08,12,15,22,26,08
1977,10009,01,09,13,21,24,32,06
1978,10008,05,07,13,15,18,30,14
1979,10007,14,22,27,28,30,33,14
1980,10006,03,05,07,13,14,18,05
1981,10005,03,05,06,08,17,18,14
1982,10004,01,12,13,16,23,28,07
1983,10003,14,22,26,27,28,31,04
1984,10002,03,06,07,23,30,33,13
1985,10001,07,17,18,27,29,32,13
1986,09154,01,07,12,14,18,25,16
1987,09153,06,07,08,20,21,25,10
1988,09152,03,04,19,21,27,28,05
1989,09151,06,08,10,16,25,30,14
1990,09150,04,06,07,16,19,20,04
1991,09149,01,03,16,18,22,29,04
1992,09148,06,12,15,22,29,32,10
1993,09147,06,08,10,18,22,32,16
1994,09146,03,09,16,20,22,33,15
1995,09145,03,05,11,15,26,33,11
1996,09144,01,05,10,17,18,29,12
1997,09143,05,09,11,17,23,28,10
1998,09142,07,11,15,19,20,24,13
1999,09141,02,13,21,28,29,31,09
2000,09140,04,05,11,18,22,33,12
2001,09139,01,05,15,17,27,29,02
2002,09138,04,07,14,26,32,33,14
2003,09137,08,12,14,15,17,21,01
2004,09136,01,04,14,22,30,33,01
2005,09135,01,03,14,19,30,33,16
2006,09134,03,05,12,15,28,33,06
2007,09133,05,09,13,18,20,32,01
2008,09132,04,14,15,21,23,30,07
2009,09131,16,23,25,26,32,33,05
2010,09130,02,03,07,12,13,30,11
2011,09129,06,07,16,17,24,25,07
2012,09128,05,08,15,16,26,32,01
2013,09127,02,11,12,14,15,16,04
2014,09126,03,05,06,10,19,23,15
2015,09125,06,07,08,22,26,27,12
2016,09124,03,04,22,23,28,30,10
2017,09123,09,13,20,22,25,28,14
2018,09122,07,14,16,27,29,32,01
2019,09121,02,04,06,10,25,30,09
2020,09120,01,02,08,12,16,30,16
2021,09119,06,07,10,12,15,21,05
2022,09118,12,16,25,26,27,31,05
2023,09117,05,09,15,21,26,31,13
2024,09116,05,17,21,25,27,32,14
2025,09115,02,09,13,15,19,24,03
2026,09114,03,05,11,12,31,32,11
2027,09113,04,12,20,25,28,29,16
2028,09112,06,07,18,24,30,32,09
2029,09111,02,04,07,14,15,25,15
2030,09110,04,10,13,15,19,30,14
2031,09109,05,06,07,14,25,28,01
2032,09108,04,10,17,28,32,33,02
2033,09107,07,08,20,23,28,29,05
2034,09106,01,02,15,18,20,29,04
2035,09105,02,08,10,16,27,30,15
2036,09104,20,22,26,29,30,32,16
2037,09103,06,11,17,20,23,24,09
2038,09102,03,05,07,08,14,31,10
2039,09101,01,02,05,10,19,24,14
2040,09100,02,11,17,27,30,33,11
2041,09099,08,09,18,20,25,29,09
2042,09098,03,14,15,20,23,30,02
2043,09097,07,13,24,26,28,32,14
2044,09096,01,26,27,31,32,33,03
2045,09095,08,09,14,28,31,33,15
2046,09094,03,16,22,25,26,33,14
2047,09093,01,11,20,31,32,33,01
2048,09092,02,06,07,14,18,31,08
2049,09091,03,08,11,14,25,29,04
2050,09090,07,09,14,20,23,30,14
2051,09089,02,03,07,11,19,32,04
2052,09088,04,07,11,15,16,17,02
2053,09087,06,11,13,20,28,32,06
2054,09086,11,12,13,18,23,32,11
2055,09085,04,08,12,17,20,30,03
2056,09084,04,09,11,20,32,33,13
2057,09083,02,08,12,18,24,28,04
2058,09082,11,15,18,21,27,29,02
2059,09081,04,05,06,25,29,30,03
2060,09080,01,11,13,25,32,33,06
2061,09079,02,09,16,21,30,31,13
2062,09078,05,07,12,14,15,20,13
2063,09077,01,09,14,16,28,32,16
2064,09076,09,18,19,25,28,31,06
2065,09075,01,13,15,17,20,30,05
2066,09074,05,10,16,19,23,28,13
2067,09073,09,16,17,18,22,27,14
2068,09072,01,03,12,20,21,29,04
2069,09071,04,05,23,26,31,32,06
2070,09070,01,02,09,10,21,31,10
2071,09069,03,05,12,18,21,23,02
2072,09068,06,11,18,20,25,30,05
2073,09067,04,10,16,23,28,30,05
2074,09066,02,15,19,24,31,32,04
2075,09065,08,12,20,22,30,33,02
2076,09064,01,02,14,23,28,29,15
2077,09063,02,05,11,26,30,32,16
2078,09062,10,19,20,21,23,32,10
2079,09061,10,11,13,16,19,30,03
2080,09060,07,13,17,26,32,33,04
2081,09059,03,07,13,23,27,30,11
2082,09058,05,08,10,15,23,26,09
2083,09057,05,07,10,14,17,25,11
2084,09056,04,09,10,18,29,32,08
2085,09055,03,04,18,22,24,29,11
2086,09054,16,17,23,26,31,32,11
2087,09053,07,12,18,19,22,28,04
2088,09052,09,11,15,19,21,30,08
2089,09051,06,10,13,16,21,23,07
2090,09050,13,21,24,29,30,32,04
2091,09049,09,12,14,20,30,31,06
2092,09048,03,07,11,15,17,31,01
2093,09047,06,08,11,15,21,22,16
2094,09046,16,20,21,26,29,30,09
2095,09045,03,04,06,23,30,32,01
2096,09044,11,14,16,18,26,30,01
2097,09043,04,09,10,15,18,26,07
2098,09042,08,16,22,23,27,30,11
2099,09041,01,08,23,26,28,33,08
2100,09040,04,07,10,20,26,30,12
2101,09039,05,12,14,15,21,27,03
2102,09038,12,13,15,23,28,32,05
2103,09037,02,06,15,18,20,31,03
2104,09036,06,09,18,23,32,33,07
2105,09035,06,15,21,26,29,31,05
2106,09034,09,12,18,21,22,26,07
2107,09033,07,08,13,14,29,30,06
2108,09032,09,11,12,19,27,32,06
2109,09031,01,02,03,15,30,33,01
2110,09030,08,14,24,26,28,32,07
2111,09029,12,13,15,22,23,29,13
2112,09028,03,06,12,15,23,26,10
2113,09027,02,07,11,16,27,32,06
2114,09026,11,15,17,18,20,30,16
2115,09025,10,20,22,23,26,33,11
2116,09024,01,03,17,23,30,33,12
2117,09023,01,06,07,15,24,30,08
2118,09022,05,08,09,10,11,18,08
2119,09021,01,04,05,17,24,27,09
2120,09020,03,05,07,10,19,23,13
2121,09019,06,17,19,20,26,27,04
2122,09018,02,05,06,19,27,30,15
2123,09017,06,14,15,19,25,26,08
2124,09016,02,07,13,16,20,33,03
2125,09015,02,04,06,15,17,32,05
2126,09014,03,06,09,14,15,18,02
2127,09013,04,08,09,21,26,27,09
2128,09012,05,11,14,17,18,28,01
2129,09011,02,04,13,14,18,23,15
2130,09010,03,10,17,19,20,24,02
2131,09009,08,15,21,30,31,33,02
2132,09008,04,15,16,22,32,33,02
2133,09007,01,05,12,23,25,26,15
2134,09006,06,12,18,20,26,33,02
2135,09005,01,03,08,15,17,21,13
2136,09004,03,11,13,17,28,31,03
2137,09003,02,03,06,15,25,30,02
2138,09002,10,14,17,25,29,33,14
2139,09001,04,21,23,24,30,31,04
2140,08154,02,05,07,21,22,26,08
2141,08153,01,04,18,21,24,30,16
2142,08152,01,04,06,22,26,30,08
2143,08151,06,08,10,14,17,19,06
2144,08150,04,19,22,24,29,32,02
2145,08149,10,14,22,28,29,33,02
2146,08148,03,05,09,22,26,28,09
2147,08147,07,08,14,22,26,33,02
2148,08146,07,08,17,19,31,32,10
2149,08145,07,13,18,22,26,29,02
2150,08144,02,05,10,27,29,33,15
2151,08143,12,17,18,19,26,27,06
2152,08142,05,06,10,13,17,28,15
2153,08141,03,13,20,25,29,33,15
2154,08140,07,14,16,29,30,31,14
2155,08139,08,09,19,23,25,26,07
2156,08138,07,14,19,23,25,32,04
2157,08137,01,04,24,28,29,33,09
2158,08136,05,09,10,12,18,28,02
2159,08135,05,14,15,16,19,21,15
2160,08134,10,15,19,20,28,32,02
2161,08133,08,11,16,19,24,26,11
2162,08132,09,13,16,25,27,33,08
2163,08131,02,12,15,18,22,32,08
2164,08130,01,12,18,28,30,32,06
2165,08129,01,03,18,24,25,32,15
2166,08128,01,05,19,20,27,33,05
2167,08127,05,08,19,22,27,30,13
2168,08126,04,11,12,14,20,30,13
2169,08125,10,11,12,15,26,29,09
2170,08124,01,07,10,13,21,22,03
2171,08123,10,11,15,16,25,29,02
2172,08122,02,08,11,14,19,26,15
2173,08121,02,22,23,27,31,32,06
2174,08120,10,11,22,24,26,33,02
2175,08119,05,07,09,15,24,29,07
2176,08118,04,09,16,27,31,33,01
2177,08117,03,05,07,10,14,33,07
2178,08116,03,07,21,22,24,29,14
2179,08115,02,12,13,14,17,18,06
2180,08114,04,09,20,24,25,31,14
2181,08113,06,09,10,12,17,22,09
2182,08112,05,13,14,19,22,23,06
2183,08111,17,18,21,25,31,32,06
2184,08110,10,16,22,23,29,31,02
2185,08109,04,07,09,16,21,28,10
2186,08108,09,10,15,17,23,30,12
2187,08107,06,13,18,22,27,32,04
2188,08106,14,19,25,27,29,30,15
2189,08105,05,17,19,27,28,32,02
2190,08104,03,06,08,17,24,31,01
2191,08103,01,12,16,18,22,33,04
2192,08102,03,07,12,21,25,32,05
2193,08101,09,17,21,26,28,30,04
2194,08100,08,14,17,21,27,28,14
2195,08099,10,15,16,22,23,24,07
2196,08098,06,07,10,11,15,30,01
2197,08097,03,06,08,09,16,17,13
2198,08096,06,08,12,24,27,31,14
2199,08095,03,08,14,21,28,29,03
2200,08094,01,04,15,16,23,28,14
2201,08093,04,10,12,16,26,28,07
2202,08092,01,03,18,27,28,30,05
2203,08091,03,12,14,23,31,32,10
2204,08090,02,07,14,18,19,24,01
2205,08089,03,06,11,16,22,27,11
2206,08088,01,06,08,16,17,23,05
2207,08087,01,07,26,29,30,31,06
2208,08086,04,05,10,26,27,30,12
2209,08085,01,04,12,20,24,29,15
2210,08084,04,07,13,20,29,30,16
2211,08083,07,08,09,18,29,32,09
2212,08082,04,08,10,12,21,26,09
2213,08081,02,12,13,18,25,31,04
2214,08080,04,14,22,25,29,32,14
2215,08079,03,04,05,10,20,32,09
2216,08078,06,13,16,26,30,33,01
2217,08077,04,12,22,26,30,33,09
2218,08076,02,05,07,11,13,18,11
2219,08075,01,08,14,18,22,30,03
2220,08074,01,11,15,19,20,24,09
2221,08073,01,09,13,22,28,33,08
2222,08072,01,05,10,18,22,30,09
2223,08071,01,06,21,26,27,28,09
2224,08070,05,06,12,15,18,33,13
2225,08069,05,08,17,20,26,30,10
2226,08068,05,07,17,23,27,29,07
2227,08067,10,11,15,19,26,33,13
2228,08066,07,12,21,22,29,30,08
2229,08065,05,13,15,19,30,31,05
2230,08064,01,02,07,09,12,18,12
2231,08063,05,09,11,14,16,17,15
2232,08062,06,08,13,17,24,27,15
2233,08061,01,02,05,12,26,31,06
2234,08060,06,07,08,17,30,32,03
2235,08059,02,06,15,29,31,32,16
2236,08058,01,12,21,27,29,31,11
2237,08057,19,20,21,26,28,30,08
2238,08056,08,13,22,23,25,30,07
2239,08055,11,16,19,23,26,31,04
2240,08054,02,06,16,17,20,25,07
2241,08053,06,12,19,20,21,27,04
2242,08052,02,10,17,23,29,31,10
2243,08051,01,04,08,10,13,33,11
2244,08050,01,11,19,24,26,27,03
2245,08049,03,10,12,13,19,25,04
2246,08048,11,18,21,27,30,32,01
2247,08047,09,12,13,14,20,22,10
2248,08046,15,16,18,24,28,33,15
2249,08045,01,10,13,21,29,32,04
2250,08044,05,07,09,20,26,29,09
2251,08043,03,10,16,22,27,33,14
2252,08042,03,04,09,11,12,24,01
2253,08041,08,11,20,22,23,27,04
2254,08040,06,13,22,25,27,28,09
2255,08039,01,07,10,13,22,29,01
2256,08038,03,09,10,11,15,19,13
2257,08037,01,12,22,24,28,31,06
2258,08036,02,06,13,18,23,28,16
2259,08035,07,11,14,17,18,29,16
2260,08034,03,05,09,11,21,29,09
2261,08033,12,17,18,30,31,33,04
2262,08032,05,14,16,21,23,28,13
2263,08031,03,06,11,15,21,31,13
2264,08030,06,15,18,19,20,28,11
2265,08029,01,09,14,22,29,32,12
2266,08028,01,13,21,26,29,32,10
2267,08027,15,18,19,23,24,26,13
2268,08026,05,17,19,27,29,32,03
2269,08025,08,16,17,18,19,21,14
2270,08024,11,20,21,26,28,30,13
2271,08023,08,16,18,25,26,32,02
2272,08022,12,18,20,24,28,32,05
2273,08021,09,12,19,20,26,28,15
2274,08020,03,10,13,15,28,30,03
2275,08019,02,09,11,17,27,31,05
2276,08018,02,05,06,23,26,33,13
2277,08017,02,05,07,17,20,22,02
2278,08016,03,12,14,21,29,33,13
2279,08015,06,08,11,16,29,33,03
2280,08014,03,09,11,17,21,31,14
2281,08013,02,08,15,16,22,28,10
2282,08012,03,04,05,16,20,30,13
2283,08011,02,14,17,21,30,32,03
2284,08010,03,08,11,17,21,27,09
2285,08009,09,21,29,30,31,32,16
2286,08008,02,15,16,23,26,27,07
2287,08007,01,13,17,22,23,30,11
2288,08006,01,14,16,18,22,27,14
2289,08005,03,05,15,22,24,25,15
2290,08004,04,08,22,23,27,29,08
2291,08003,06,08,11,13,17,19,12
2292,08002,03,04,18,22,25,29,09
2293,08001,02,04,07,09,14,29,03
2294,07153,01,04,19,20,25,31,15
2295,07152,11,17,21,29,30,33,08
2296,07151,01,06,10,11,23,25,02
2297,07150,03,05,11,13,19,24,05
2298,07149,01,17,19,22,28,30,03
2299,07148,03,09,16,17,23,28,07
2300,07147,03,07,18,24,26,27,04
2301,07146,04,18,22,24,26,30,09
2302,07145,08,09,11,12,25,31,11
2303,07144,08,14,23,25,28,32,16
2304,07143,01,06,22,23,24,26,04
2305,07142,11,20,25,26,27,30,08
2306,07141,02,03,04,06,17,31,08
2307,07140,01,05,16,21,22,26,11
2308,07139,06,10,12,14,16,22,06
2309,07138,02,03,15,17,19,25,16
2310,07137,03,07,08,18,20,22,03
2311,07136,01,02,18,21,25,29,14
2312,07135,01,11,16,26,31,33,16
2313,07134,01,04,10,13,18,25,15
2314,07133,03,06,07,11,13,33,10
2315,07132,01,09,16,21,22,23,05
2316,07131,03,05,07,16,22,27,05
2317,07130,03,05,09,11,27,31,04
2318,07129,05,07,20,21,22,30,08
2319,07128,09,10,19,21,27,31,05
2320,07127,06,09,13,16,24,28,11
2321,07126,09,10,19,23,26,31,09
2322,07125,03,05,18,20,27,33,01
2323,07124,03,07,13,16,19,32,16
2324,07123,01,13,15,23,28,32,02
2325,07122,04,07,19,24,26,32,09
2326,07121,03,10,21,22,27,28,06
2327,07120,06,07,11,12,18,25,01
2328,07119,03,08,11,13,25,31,12
2329,07118,04,10,16,18,25,32,15
2330,07117,03,07,09,10,26,32,01
2331,07116,03,05,07,11,17,27,13
2332,07115,01,05,10,16,20,26,02
2333,07114,05,12,15,24,27,33,05
2334,07113,04,18,23,25,26,31,10
2335,07112,07,11,14,16,25,32,11
2336,07111,02,09,10,12,13,17,11
2337,07110,02,04,07,15,24,28,03
2338,07109,01,04,07,08,13,14,04
2339,07108,03,07,12,13,20,33,02
2340,07107,02,08,09,18,24,28,10
2341,07106,12,18,21,24,25,29,08
2342,07105,02,07,10,17,23,29,14
2343,07104,02,08,12,14,20,32,04
2344,07103,07,09,25,27,30,32,01
2345,07102,04,06,08,18,20,33,11
2346,07101,15,16,18,21,22,30,14
2347,07100,08,18,27,29,30,32,06
2348,07099,03,04,14,27,31,33,05
2349,07098,02,03,05,11,19,20,12
2350,07097,04,08,13,18,26,30,11
2351,07096,09,10,20,22,30,32,08
2352,07095,01,06,08,18,29,32,07
2353,07094,03,05,18,19,24,32,02
2354,07093,05,10,13,15,19,29,02
2355,07092,14,18,22,23,24,33,09
2356,07091,02,11,17,30,31,32,07
2357,07090,05,11,13,27,30,31,02
2358,07089,03,07,08,15,19,28,03
2359,07088,02,04,10,28,29,33,06
2360,07087,01,03,04,05,08,21,09
2361,07086,05,08,14,22,27,29,16
2362,07085,02,12,17,19,29,30,12
2363,07084,06,10,12,14,20,27,10
2364,07083,11,14,18,20,21,26,05
2365,07082,05,15,17,18,25,32,15
2366,07081,09,14,15,19,24,33,13
2367,07080,01,08,16,18,19,29,04
2368,07079,03,04,14,20,21,25,14
2369,07078,04,06,07,23,25,32,01
2370,07077,06,08,14,21,28,29,02
2371,07076,06,12,15,16,20,31,02
2372,07075,13,16,17,22,30,32,03
2373,07074,08,13,15,25,27,28,03
2374,07073,05,09,11,19,28,31,02
2375,07072,02,04,08,13,14,33,16
2376,07071,01,06,14,21,30,31,09
2377,07070,06,08,15,17,18,30,12
2378,07069,03,04,11,12,14,32,12
2379,07068,11,18,19,22,23,28,01
2380,07067,06,11,13,17,21,23,11
2381,07066,05,11,16,24,32,33,08
2382,07065,04,07,19,21,25,31,07
2383,07064,02,06,09,16,21,23,16
2384,07063,10,15,17,24,26,28,12
2385,07062,08,17,20,29,30,33,09
2386,07061,01,06,07,11,20,23,05
2387,07060,01,02,08,16,19,29,05
2388,07059,01,03,04,06,07,29,14
2389,07058,07,08,10,13,25,27,07
2390,07057,05,11,18,19,20,21,09
2391,07056,14,17,21,29,31,32,12
2392,07055,02,06,11,22,28,29,02
2393,07054,01,03,16,18,23,28,05
2394,07053,10,13,16,17,18,27,11
2395,07052,02,03,07,08,26,29,07
2396,07051,03,14,16,26,27,33,13
2397,07050,01,05,08,13,18,25,02
2398,07049,04,14,18,19,31,33,02
2399,07048,02,11,12,15,17,28,12
2400,07047,02,04,16,18,23,30,06
2401,07046,02,06,07,09,19,26,14
2402,07045,01,12,18,21,28,30,10
2403,07044,09,13,20,21,24,32,08
2404,07043,03,08,10,11,14,30,05
2405,07042,03,13,16,19,32,33,08
2406,07041,01,03,09,11,26,31,12
2407,07040,13,14,15,19,24,30,10
2408,07039,06,07,19,24,27,29,01
2409,07038,03,11,14,19,21,30,05
2410,07037,10,11,16,23,31,33,16
2411,07036,03,14,21,23,30,31,10
2412,07035,01,04,08,12,29,31,06
2413,07034,02,09,12,14,23,25,16
2414,07033,03,04,11,17,18,28,09
2415,07032,04,08,16,24,30,32,16
2416,07031,04,06,10,12,19,31,01
2417,07030,03,16,21,22,27,30,04
2418,07029,06,08,09,11,19,21,10
2419,07028,03,08,13,20,29,30,11
2420,07027,02,03,09,22,24,27,11
2421,07026,01,04,14,16,26,29,10
2422,07025,03,16,18,22,23,26,03
2423,07024,08,09,17,25,27,32,06
2424,07023,03,07,13,17,32,33,02
2425,07022,02,04,07,10,18,27,10
2426,07021,03,06,09,11,25,31,13
2427,07020,05,10,16,20,28,31,14
2428,07019,04,11,16,23,29,31,14
2429,07018,01,12,18,20,21,26,11
2430,07017,05,09,10,24,25,32,14
2431,07016,01,18,20,22,26,33,05
2432,07015,03,04,08,18,22,30,15
2433,07014,01,13,16,20,24,26,09
2434,07013,05,15,18,27,29,32,05
2435,07012,03,05,07,21,26,28,04
2436,07011,03,10,15,25,28,33,16
2437,07010,03,08,14,17,30,32,05
2438,07009,02,04,14,15,25,27,15
2439,07008,01,04,05,18,19,25,10
2440,07007,04,12,15,17,22,32,14
2441,07006,06,10,14,22,26,27,11
2442,07005,01,05,06,16,24,30,12
2443,07004,03,07,10,13,25,33,10
2444,07003,05,09,11,12,22,27,15
2445,07002,05,06,14,20,21,22,01
2446,07001,02,04,09,10,20,26,14
2447,06154,07,14,18,20,30,33,13
2448,06153,01,07,11,20,30,33,10
2449,06152,01,14,20,25,27,31,15
2450,06151,01,03,04,06,16,22,08
2451,06150,08,09,12,18,25,27,12
2452,06149,02,03,05,11,15,32,15
2453,06148,04,08,12,13,23,29,01
2454,06147,01,04,15,17,27,31,01
2455,06146,03,09,13,23,28,30,05
2456,06145,02,07,23,26,28,31,07
2457,06144,04,10,13,16,22,29,06
2458,06143,01,15,20,29,31,32,08
2459,06142,10,16,19,22,26,27,16
2460,06141,16,18,22,23,25,31,11
2461,06140,01,08,11,18,19,23,05
2462,06139,07,08,14,21,23,25,05
2463,06138,04,09,11,17,18,26,08
2464,06137,10,14,17,21,27,31,09
2465,06136,11,15,17,21,22,24,05
2466,06135,04,19,21,22,23,31,04
2467,06134,10,13,18,26,28,30,12
2468,06133,04,06,20,25,29,31,03
2469,06132,06,14,22,26,30,33,01
2470,06131,03,04,09,22,26,33,01
2471,06130,01,12,21,22,30,32,02
2472,06129,09,14,18,22,27,29,12
2473,06128,04,15,21,30,31,33,05
2474,06127,03,04,11,17,19,30,01
2475,06126,02,08,13,16,24,33,09
2476,06125,15,19,23,30,32,33,06
2477,06124,12,13,14,18,31,32,13
2478,06123,02,03,20,25,28,32,06
2479,06122,04,05,06,08,22,24,03
2480,06121,03,04,06,27,31,33,06
2481,06120,06,08,14,15,24,33,09
2482,06119,01,02,14,20,27,30,02
2483,06118,01,03,07,08,10,30,05
2484,06117,06,14,20,22,23,26,09
2485,06116,05,16,21,22,32,33,09
2486,06115,01,10,20,26,28,29,15
2487,06114,08,10,14,20,27,29,16
2488,06113,05,14,17,18,28,33,02
2489,06112,04,09,13,15,31,33,11
2490,06111,01,08,11,16,17,22,15
2491,06110,09,12,14,18,27,33,13
2492,06109,01,05,17,18,23,26,13
2493,06108,02,06,08,20,24,30,09
2494,06107,01,06,08,13,17,30,07
2495,06106,02,12,14,19,28,33,10
2496,06105,05,12,14,15,20,31,01
2497,06104,03,07,22,27,28,31,11
2498,06103,12,14,15,25,28,31,06
2499,06102,01,04,13,19,20,24,11
2500,06101,09,12,20,26,27,28,16
2501,06100,01,11,18,26,30,32,03
2502,06099,09,12,18,23,24,27,05
2503,06098,06,07,10,11,18,23,16
2504,06097,11,14,15,20,26,27,12
2505,06096,01,05,09,13,18,33,14
2506,06095,01,03,17,20,21,29,16
2507,06094,15,16,17,18,24,33,13
2508,06093,02,12,16,18,19,23,05
2509,06092,02,08,11,16,20,21,14
2510,06091,07,08,12,21,22,24,07
2511,06090,02,11,15,20,23,29,11
2512,06089,01,13,16,18,19,22,01
2513,06088,03,11,20,24,25,26,01
2514,06087,04,05,08,09,12,30,05
2515,06086,04,06,10,24,26,31,06
2516,06085,02,06,18,21,24,25,08
2517,06084,01,12,17,21,25,28,12
2518,06083,07,09,18,19,26,29,10
2519,06082,03,13,15,23,28,29,09
2520,06081,14,16,18,21,22,32,04
2521,06080,15,17,20,22,26,29,09
2522,06079,06,11,13,17,20,32,08
2523,06078,03,05,17,22,31,33,12
2524,06077,08,09,12,13,19,33,09
2525,06076,04,10,17,21,29,32,14
2526,06075,10,21,22,23,25,33,11
2527,06074,01,03,15,19,25,33,04
2528,06073,05,13,16,18,27,29,12
2529,06072,02,03,05,20,21,24,08
2530,06071,05,11,12,19,29,31,01
2531,06070,02,03,11,13,20,27,02
2532,06069,05,16,20,22,29,30,08
2533,06068,03,07,10,14,30,33,10
2534,06067,07,08,11,16,17,24,13
2535,06066,06,08,11,18,30,33,05
2536,06065,04,08,17,28,29,30,13
2537,06064,03,12,14,21,24,28,11
2538,06063,04,05,15,21,23,24,08
2539,06062,18,22,23,24,26,30,01
2540,06061,05,13,17,19,25,30,11
2541,06060,05,15,19,23,30,32,14
2542,06059,05,10,15,17,27,29,11
2543,06058,01,12,22,23,24,25,14
2544,06057,03,04,17,18,21,31,08
2545,06056,11,13,15,21,23,25,08
2546,06055,04,05,28,29,31,33,11
2547,06054,03,05,07,10,28,30,04
2548,06053,01,11,17,27,28,31,02
2549,06052,11,24,26,27,30,32,03
2550,06051,02,06,07,17,27,30,16
2551,06050,02,06,12,15,25,31,07
2552,06049,06,10,12,13,17,20,03
2553,06048,09,13,19,25,29,32,12
2554,06047,02,17,20,22,28,32,03
2555,06046,13,18,23,29,31,32,08
2556,06045,06,07,10,14,20,21,04
2557,06044,02,10,18,21,30,31,05
2558,06043,05,12,13,16,23,32,03
2559,06042,03,16,23,26,28,31,11
2560,06041,03,10,16,18,21,28,04
2561,06040,15,22,25,26,28,33,03
2562,06039,16,19,22,28,31,32,03
2563,06038,02,14,17,19,22,30,10
2564,06037,02,12,23,24,25,32,14
2565,06036,04,07,10,16,17,21,09
2566,06035,03,09,13,21,27,29,13
2567,06034,02,10,15,16,17,33,13
2568,06033,15,20,22,23,27,31,06
2569,06032,05,18,20,24,26,31,09
2570,06031,03,10,12,16,31,32,14
2571,06030,08,13,15,17,20,32,14
2572,06029,03,04,07,09,14,19,08
2573,06028,05,07,14,16,17,27,04
2574,06027,06,08,11,14,16,27,15
2575,06026,01,02,18,22,29,32,03
2576,06025,03,04,17,19,24,32,05
2577,06024,02,07,09,11,21,27,06
2578,06023,04,13,14,19,23,28,08
2579,06022,02,03,04,13,16,27,13
2580,06021,01,02,05,20,21,22,09
2581,06020,05,09,21,23,26,29,06
2582,06019,04,06,13,22,26,32,07
2583,06018,01,13,14,17,24,26,05
2584,06017,03,04,08,31,32,33,02
2585,06016,01,07,13,17,23,30,16
2586,06015,02,03,09,15,29,32,03
2587,06014,06,14,26,29,32,33,07
2588,06013,01,05,06,12,16,21,11
2589,06012,09,11,13,27,31,33,10
2590,06011,05,07,08,14,27,31,11
2591,06010,04,06,12,19,27,29,08
2592,06009,05,06,08,20,26,30,06
2593,06008,03,05,09,18,28,32,16
2594,06007,04,16,18,27,32,33,07
2595,06006,08,21,22,23,26,32,14
2596,06005,03,19,20,24,26,27,11
2597,06004,04,08,17,27,28,31,07
2598,06003,02,04,05,06,16,20,12
2599,06002,07,13,16,21,26,28,09
2600,06001,01,12,15,19,21,28,03
2601,05153,04,05,07,21,26,29,01
2602,05152,01,05,12,14,21,27,03
2603,05151,04,11,12,13,19,30,05
2604,05150,03,07,10,14,18,20,02
2605,05149,11,16,21,23,25,32,07
2606,05148,03,15,17,23,24,29,13
2607,05147,06,07,15,27,28,30,10
2608,05146,07,11,19,20,24,28,02
2609,05145,03,07,08,17,20,28,15
2610,05144,01,08,14,15,19,27,09
2611,05143,03,10,15,17,20,32,08
2612,05142,07,10,12,17,22,29,05
2613,05141,03,05,08,12,16,19,15
2614,05140,04,06,07,08,12,17,07
2615,05139,02,07,20,23,32,33,10
2616,05138,03,05,06,11,20,22,13
2617,05137,03,09,15,23,25,33,12
2618,05136,05,14,16,18,25,27,13
2619,05135,01,05,13,15,21,25,11
2620,05134,04,13,14,18,26,30,01
2621,05133,01,07,14,16,18,25,11
2622,05132,02,04,10,18,27,29,15
2623,05131,02,07,10,11,12,24,03
2624,05130,03,05,09,15,20,25,16
2625,05129,05,10,14,20,27,33,03
2626,05128,02,04,14,23,29,33,15
2627,05127,04,06,11,14,23,25,12
2628,05126,02,08,13,19,25,26,09
2629,05125,06,14,18,28,31,32,03
2630,05124,05,06,10,19,31,33,11
2631,05123,11,12,13,17,18,25,07
2632,05122,01,04,07,14,30,32,09
2633,05121,01,07,20,25,31,32,12
2634,05120,01,06,13,18,30,32,14
2635,05119,01,07,11,18,20,22,02
2636,05118,04,09,12,15,26,31,16
2637,05117,06,17,22,27,28,32,03
2638,05116,04,06,08,14,15,30,10
2639,05115,03,12,18,23,30,33,02
2640,05114,06,07,10,15,21,27,06
2641,05113,15,18,20,22,26,27,03
2642,05112,04,12,22,28,29,30,16
2643,05111,03,07,15,16,19,29,09
2644,05110,07,10,16,19,24,25,09
2645,05109,03,05,13,15,17,31,04
2646,05108,03,10,12,24,29,30,06
2647,05107,09,10,20,24,25,26,11
2648,05106,01,11,13,24,26,31,13
2649,05105,04,15,23,30,32,33,03
2650,05104,02,04,21,23,30,33,09
2651,05103,04,07,16,18,23,30,07
2652,05102,02,05,06,14,24,31,12
2653,05101,09,16,19,21,22,24,12
2654,05100,02,04,09,14,16,31,03
2655,05099,10,13,16,22,24,31,09
2656,05098,12,15,19,22,31,33,01
2657,05097,05,10,23,27,28,30,15
2658,05096,04,05,17,18,26,33,04
2659,05095,09,12,18,21,28,29,05
2660,05094,03,05,09,23,27,33,03
2661,05093,04,06,17,23,25,29,14
2662,05092,08,13,19,26,28,31,10
2663,05091,01,11,12,15,26,27,13
2664,05090,01,09,21,25,29,32,03
2665,05089,05,19,20,23,26,31,12
2666,05088,01,03,07,18,20,24,07
2667,05087,08,09,15,16,23,26,08
2668,05086,07,11,12,24,27,29,12
2669,05085,08,09,13,14,20,22,12
2670,05084,01,02,07,15,19,20,03
2671,05083,03,05,09,14,16,30,13
2672,05082,01,07,11,14,19,20,12
2673,05081,02,04,10,12,26,30,03
2674,05080,01,12,14,26,27,32,16
2675,05079,03,09,20,24,25,28,05
2676,05078,03,11,15,20,26,32,11
2677,05077,08,17,22,24,32,33,16
2678,05076,04,09,11,22,25,28,13
2679,05075,11,13,14,16,18,31,14
2680,05074,06,09,18,20,26,29,09
2681,05073,01,06,08,09,18,20,01
2682,05072,06,10,19,20,24,33,11
2683,05071,04,08,12,14,16,22,10
2684,05070,03,04,08,14,16,26,04
2685,05069,07,09,21,24,31,33,12
2686,05068,01,08,10,13,25,33,13
2687,05067,03,12,16,20,21,26,16
2688,05066,02,04,10,11,25,28,05
2689,05065,12,16,17,21,22,23,16
2690,05064,10,18,23,27,30,32,08
2691,05063,02,11,13,18,22,30,04
2692,05062,02,07,11,12,20,23,07
2693,05061,05,09,14,21,23,24,01
2694,05060,09,12,21,25,31,33,13
2695,05059,07,11,14,18,24,29,07
2696,05058,04,06,10,21,25,26,10
2697,05057,05,06,10,15,30,31,13
2698,05056,12,17,19,27,29,31,09
2699,05055,05,20,22,30,32,33,09
2700,05054,05,13,17,18,21,29,14
2701,05053,04,07,10,14,27,29,09
2702,05052,01,02,14,17,30,32,01
2703,05051,03,06,14,19,20,21,02
2704,05050,02,09,12,20,26,32,13
2705,05049,02,03,08,10,25,27,12
2706,05048,06,07,08,10,16,28,02
2707,05047,02,03,05,07,08,27,15
2708,05046,09,16,18,20,22,24,05
2709,05045,01,07,10,15,18,20,10
2710,05044,01,06,16,17,18,22,09
2711,05043,04,05,06,07,08,32,05
2712,05042,11,16,21,26,27,30,15
2713,05041,02,11,16,23,24,29,03
2714,05040,01,12,21,24,30,32,13
2715,05039,02,16,18,19,21,29,09
2716,05038,04,07,11,20,27,28,16
2717,05037,07,12,14,22,24,32,16
2718,05036,12,19,20,21,26,31,15
2719,05035,12,16,21,28,29,30,14
2720,05034,05,17,18,25,28,32,09
2721,05033,07,08,12,14,19,20,07
2722,05032,05,15,19,20,25,29,03
2723,05031,04,10,16,20,23,32,07
2724,05030,01,05,09,14,22,28,05
2725,05029,02,14,21,22,27,30,14
2726,05028,04,09,22,25,26,32,10
2727,05027,01,03,04,06,21,32,15
2728,05026,06,12,14,20,25,26,07
2729,05025,01,07,10,11,13,32,07
2730,05024,05,09,14,27,31,32,13
2731,05023,10,15,19,20,21,25,12
2732,05022,08,10,12,21,32,33,04
2733,05021,02,06,24,26,30,31,16
2734,05020,14,16,19,20,25,29,05
2735,05019,06,11,12,13,19,22,08
2736,05018,01,03,06,22,23,25,06
2737,05017,02,06,10,25,27,31,03
2738,05016,01,05,06,12,16,30,15
2739,05015,04,08,09,16,17,29,15
2740,05014,13,19,21,23,30,32,05
2741,05013,07,08,16,19,20,24,06
2742,05012,02,03,06,16,22,31,05
2743,05011,09,11,13,15,22,30,15
2744,05010,08,10,11,18,25,26,01
2745,05009,02,17,22,27,29,31,14
2746,05008,11,19,22,27,32,33,11
2747,05007,07,15,17,20,23,33,15
2748,05006,02,04,05,15,21,31,16
2749,05005,05,09,20,26,28,33,15
2750,05004,01,04,08,09,22,23,03
2751,05003,09,12,15,19,22,31,16
2752,05002,06,09,20,26,28,33,14
2753,05001,01,07,08,23,27,28,14
2754,04122,03,11,14,22,24,31,15
2755,04121,07,13,16,18,30,32,10
2756,04120,07,08,18,21,27,32,10
2757,04119,06,09,18,20,25,33,06
2758,04118,03,04,07,12,30,31,15
2759,04117,01,03,07,14,24,25,07
2760,04116,01,03,05,08,14,33,03
2761,04115,02,16,20,30,31,33,01
2762,04114,01,06,09,17,21,22,01
2763,04113,08,10,23,25,31,32,07
2764,04112,09,13,15,21,26,33,06
2765,04111,11,16,18,20,26,31,02
2766,04110,14,19,20,21,22,31,11
2767,04109,06,08,10,17,30,31,14
2768,04108,08,13,14,27,28,31,12
2769,04107,01,08,12,13,18,20,07
2770,04106,10,15,23,26,28,29,12
2771,04105,07,09,10,21,23,30,12
2772,04104,07,11,17,18,24,29,05
2773,04103,02,03,05,09,16,21,02
2774,04102,03,09,12,15,28,32,01
2775,04101,02,09,14,19,25,26,15
2776,04100,06,08,09,14,24,33,15
2777,04099,05,10,21,22,26,33,02
2778,04098,03,12,13,25,26,31,03
2779,04097,10,19,20,26,29,31,14
2780,04096,01,04,12,16,20,30,15
2781,04095,19,22,27,28,30,32,01
2782,04094,05,09,10,13,24,25,08
2783,04093,11,14,20,27,32,33,05
2784,04092,01,04,08,13,28,31,02
2785,04091,09,13,14,21,30,33,01
2786,04090,01,18,20,24,32,33,12
2787,04089,14,17,20,25,28,30,14
2788,04088,02,10,19,22,24,32,14
2789,04087,01,03,07,08,25,26,14
2790,04086,10,13,18,19,25,27,01
2791,04085,03,08,11,29,30,32,01
2792,04084,01,04,08,11,21,25,14
2793,04083,14,16,27,28,30,33,06
2794,04082,03,20,24,27,29,30,15
2795,04081,03,05,21,24,27,32,06
2796,04080,03,08,20,23,24,26,16
2797,04079,07,13,14,17,19,30,03
2798,04078,04,05,10,21,24,26,05
2799,04077,08,09,10,14,16,26,07
2800,04076,03,05,13,17,25,31,07
2801,04075,07,18,21,26,27,28,07
2802,04074,05,06,15,19,26,29,13
2803,04073,02,07,13,16,23,28,16
2804,04072,08,15,18,28,30,33,14
2805,04071,03,08,16,17,21,29,06
2806,04070,10,12,21,22,30,33,06
2807,04069,02,11,15,20,22,29,05
2808,04068,02,08,11,13,24,31,15
2809,04067,01,06,07,13,16,32,04
2810,04066,05,13,20,23,24,25,03
2811,04065,13,14,27,29,32,33,08
2812,04064,14,15,18,20,27,31,04
2813,04063,07,10,13,16,27,28,07
2814,04062,01,12,25,27,28,29,13
2815,04061,13,16,19,20,23,33,09
2816,04060,03,05,11,24,27,28,15
2817,04059,04,07,11,19,23,26,10
2818,04058,01,08,11,12,27,31,12
2819,04057,05,21,23,25,28,32,04
2820,04056,01,20,21,25,29,30,02
2821,04055,06,08,19,25,29,32,07
2822,04054,09,11,14,16,27,28,11
2823,04053,02,03,04,09,24,25,02
2824,04052,01,12,14,15,17,29,09
2825,04051,02,03,09,10,15,29,11
2826,04050,06,07,19,21,25,29,02
2827,04049,11,12,14,16,25,29,09
2828,04048,08,09,11,16,17,29,09
2829,04047,01,07,08,11,27,31,06
2830,04046,07,15,16,22,23,32,14
2831,04045,01,12,18,26,27,28,13
2832,04044,02,06,07,12,31,32,05
2833,04043,04,09,10,21,22,24,10
2834,04042,06,10,13,17,18,21,02
2835,04041,08,10,17,22,25,29,14
2836,04040,07,17,19,20,21,29,11
2837,04039,10,16,18,25,26,29,03
2838,04038,11,16,17,25,28,29,07
2839,04037,03,04,11,17,20,26,05
2840,04036,02,13,17,18,26,30,01
2841,04035,02,08,26,27,30,32,16
2842,04034,02,07,13,20,27,30,14
2843,04033,01,04,08,09,19,20,01
2844,04032,02,05,08,11,15,31,13
2845,04031,03,06,19,20,21,24,11
2846,04030,01,07,09,17,26,31,05
2847,04029,09,13,20,22,24,32,05
2848,04028,01,02,03,05,10,22,12
2849,04027,01,05,09,10,18,32,11
2850,04026,04,10,14,18,28,32,15
2851,04025,07,08,10,24,29,33,04
2852,04024,01,13,21,23,25,32,06
2853,04023,01,08,14,17,19,30,03
2854,04022,03,10,14,19,20,30,06
2855,04021,05,09,11,17,26,27,10
2856,04020,01,02,09,22,28,31,04
2857,04019,05,10,11,23,24,32,04
2858,04018,02,05,06,08,28,30,06
2859,04017,05,12,14,15,25,31,09
2860,04016,04,07,08,28,30,32,05
2861,04015,01,03,05,18,22,23,13
2862,04014,03,07,11,17,20,26,12
2863,04013,12,14,21,29,30,32,13
2864,04012,01,07,27,30,31,33,08
2865,04011,01,04,13,23,28,30,03
2866,04010,06,07,08,13,14,19,15
2867,04009,01,09,10,16,22,24,11
2868,04008,01,07,10,22,32,33,13
2869,04007,04,12,17,20,25,28,09
2870,04006,04,12,18,20,23,32,06
2871,04005,09,11,13,16,17,18,07
2872,04004,10,19,22,23,25,29,09
2873,04003,03,05,06,17,26,33,08
2874,04002,10,12,18,22,30,31,11
2875,04001,01,02,03,07,10,25,07
2876,03089,18,19,21,26,27,33,16
2877,03088,03,10,21,22,24,33,12
2878,03087,02,03,04,05,24,28,13
2879,03086,05,12,16,18,26,30,13
2880,03085,01,04,11,12,19,27,14
2881,03084,02,06,07,10,17,33,03
2882,03083,01,03,14,18,26,28,01
2883,03082,07,17,18,19,30,31,14
2884,03081,01,02,14,26,29,30,07
2885,03080,09,20,24,25,28,30,10
2886,03079,12,15,22,23,26,31,04
2887,03078,07,12,23,26,29,30,11
2888,03077,04,12,16,22,24,25,06
2889,03076,01,13,16,18,20,29,02
2890,03075,16,17,19,22,31,33,11
2891,03074,02,12,19,22,27,32,01
2892,03073,02,12,14,21,23,30,13
2893,03072,03,06,08,11,19,27,11
2894,03071,09,11,12,14,15,33,11
2895,03070,01,02,04,17,18,19,08
2896,03069,07,11,16,19,26,28,11
2897,03068,09,19,25,27,32,33,11
2898,03067,05,11,12,13,27,31,10
2899,03066,03,07,08,20,24,32,14
2900,03065,06,15,16,17,30,33,11
2901,03064,04,06,08,12,15,30,01
2902,03063,05,08,09,14,21,33,11
2903,03062,01,06,12,19,20,32,14
2904,03061,03,05,20,21,28,32,02
2905,03060,02,04,06,17,21,28,11
2906,03059,02,03,05,06,18,30,04
2907,03058,09,11,16,28,32,33,02
2908,03057,18,19,24,25,30,31,16
2909,03056,08,17,21,26,28,29,07
2910,03055,06,13,16,21,28,31,16
2911,03054,02,05,09,21,31,33,12
2912,03053,15,19,20,21,28,29,13
2913,03052,01,12,13,23,30,31,11
2914,03051,04,13,15,17,24,27,01
2915,03050,02,08,17,23,24,26,13
2916,03049,03,06,07,13,24,25,15
2917,03048,10,12,20,28,30,31,09
2918,03047,03,17,26,28,32,33,16
2919,03046,07,08,10,11,17,26,11
2920,03045,03,07,14,15,17,32,03
2921,03044,02,05,09,16,32,33,15
2922,03043,02,08,10,19,20,32,13
2923,03042,03,05,07,10,15,20,07
2924,03041,02,03,17,18,24,25,11
2925,03040,04,05,06,12,14,23,16
2926,03039,03,05,23,24,27,32,03
2927,03038,05,07,08,24,25,27,16
2928,03037,09,14,17,18,26,32,07
2929,03036,07,21,24,25,27,28,15
2930,03035,03,04,05,08,10,11,08
2931,03034,08,13,14,16,23,25,14
2932,03033,01,07,14,20,27,30,10
2933,03032,04,11,25,27,29,30,13
2934,03031,11,17,20,22,28,32,01
2935,03030,02,06,13,14,23,27,07
2936,03029,02,07,15,26,29,32,10
2937,03028,06,13,16,20,28,32,07
2938,03027,01,11,14,17,27,28,15
2939,03026,08,13,15,26,29,31,16
2940,03025,01,05,11,13,14,27,12
2941,03024,02,07,15,17,22,30,14
2942,03023,01,10,20,22,26,31,02
2943,03022,02,07,11,12,14,32,08
2944,03021,14,15,18,25,26,30,01
2945,03020,07,10,25,26,27,32,04
2946,03019,04,08,12,13,16,33,09
2947,03018,05,16,19,20,25,28,13
2948,03017,05,08,18,23,25,31,06
2949,03016,11,17,28,30,31,33,06
2950,03015,04,11,19,25,26,32,13
2951,03014,03,05,07,08,21,31,02
2952,03013,08,13,17,21,23,32,12
2953,03012,02,12,16,17,27,30,12
2954,03011,04,05,11,12,30,32,15
2955,03010,01,02,08,13,17,24,13
2956,03009,05,09,18,20,22,30,09
2957,03008,05,08,09,14,17,23,08
2958,03007,01,09,19,21,23,26,07
2959,03006,01,03,10,21,26,27,06
2960,03005,04,06,15,17,30,31,16
2961,03004,04,06,07,10,13,25,03
2962,03003,01,07,10,23,28,32,16
2963,03002,04,09,19,20,21,26,12
2964,03001,10,11,12,13,26,28,11
